step,bucket,lag,n_sequences,correlation,masked_mse
0,train,1,63,0.999982719384317,0.8935745358467102
0,train,2,61,-0.017085342597500584,0.9387387633323669
0,train,3,62,-0.004014079935592438,1.0662637948989868
0,train,4,60,-0.05749205146658377,1.0954550504684448
0,train,5,63,0.0168741708630494,1.0623105764389038
0,train,6,65,-0.011087473267626921,1.0210611820220947
0,train,7,55,-0.01860555144049436,1.0321670770645142
0,train,8,62,0.012920729956558834,1.0987409353256226
0,train,9,63,0.00455151328974733,1.0751832723617554
0,train,10,56,-0.01176274693440557,0.9906193017959595
0,train,11,70,0.002123713018110296,1.0149317979812622
0,train,12,66,-0.012887223506679906,1.0542948246002197
0,train,13,68,-0.03021227958888551,0.9800789952278137
0,train,14,69,0.010336756133595906,1.0357567071914673
0,train,16,74,-0.014373744561885162,0.97835373878479
0,train,17,73,-0.024828723652743176,1.041560173034668
0,train,18,60,-0.004544737816709745,1.0016040802001953
0,train,19,69,-0.012754864322221756,1.0157185792922974
0,train,20,58,-0.007129264325629242,1.094283103942871
0,train,21,75,-0.003506356588317328,0.9877700805664062
0,train,22,61,0.012481387681546616,0.982268214225769
0,train,23,57,0.013544385586077085,1.02397882938385
0,train,24,54,0.0036386539782630395,1.0244207382202148
0,train,25,69,-0.012122699995451899,1.0567699670791626
0,train,26,61,-0.0009788340139731551,1.070056438446045
0,train,28,58,-0.025517132225796015,1.0111900568008423
0,train,29,55,-0.006135923721760142,1.025843620300293
0,train,30,69,0.0035050747468887457,1.0174366235733032
0,train,31,72,-0.02755179594744082,1.0770087242126465
0,train,32,56,0.006599055522294936,0.9946165084838867
0,train,33,65,-0.019038735230755978,1.0431040525436401
0,train,34,64,-0.018661865131172857,1.0104063749313354
0,train,35,67,0.049649705058973155,1.0189590454101562
0,train,36,66,-0.013180761872695072,1.0763349533081055
0,train,37,70,0.0034810795809985338,1.0469074249267578
0,train,39,58,-0.013418254545984895,1.0538688898086548
0,train,40,58,0.01798755714922559,1.020888328552246
0,train,41,65,-0.020983066024498752,1.0239440202713013
0,train,42,61,0.015557725634997206,0.9831083416938782
0,train,43,74,0.0019545011815165774,1.063320279121399
0,train,44,68,-0.025716915238546408,0.9996849298477173
0,train,45,60,-0.025072579192656166,1.0472869873046875
0,train,46,61,0.03213628864569003,0.9729898571968079
0,train,47,71,0.018261947935729873,1.057081937789917
0,train,48,58,-0.03029432311532702,1.0357712507247925
0,train,49,54,-0.03969302269623097,1.0559386014938354
0,train,50,76,0.02188770007040658,1.0138832330703735
0,train,mean,3000,0.015719666307668533,1.027328610420227
0,held_interior,15,974,0.0023789890961758813,1.0226510763168335
0,held_interior,27,1061,0.001467115839544124,1.0278748273849487
0,held_interior,38,965,-0.0007762792415175193,1.0280616283416748
0,held_interior,mean,3000,0.0010232752314008288,1.0262389183044434
0,held_high,52,986,0.00043512950346077234,1.0181506872177124
0,held_high,55,1002,0.0033429100186862415,1.022132158279419
0,held_high,58,1012,0.0014775221342771985,1.0236510038375854
0,held_high,mean,3000,0.0017518538854747374,1.0213359594345093
10000,train,1,63,0.8149935229082526,0.4886625409126282
10000,train,2,61,0.8318787337894261,0.41372212767601013
10000,train,3,62,0.8901529636417831,0.37445706129074097
10000,train,4,60,0.7276000856457536,0.5946502685546875
10000,train,5,63,0.7649516283706217,0.5397459268569946
10000,train,6,65,0.775327981093393,0.5016553401947021
10000,train,7,55,0.7561473342503051,0.5341294407844543
10000,train,8,62,0.7919998110521712,0.526634931564331
10000,train,9,63,0.7731362812360724,0.5362807512283325
10000,train,10,56,0.7426784784596936,0.5360098481178284
10000,train,11,70,0.7630474490387785,0.5328602194786072
10000,train,12,66,0.7491295889775882,0.5578935146331787
10000,train,13,68,0.6985758347085301,0.5825027823448181
10000,train,14,69,0.6360275210044295,0.6812531352043152
10000,train,16,74,0.7476686236084233,0.5302305221557617
10000,train,17,73,0.7817145606236998,0.5087701678276062
10000,train,18,60,0.7051450144135376,0.582908570766449
10000,train,19,69,0.7008427677461202,0.5935479998588562
10000,train,20,58,0.7040288274352897,0.6336610913276672
10000,train,21,75,0.6992999914725915,0.5897262692451477
10000,train,22,61,0.7116624663003775,0.5679516792297363
10000,train,23,57,0.7383776758092631,0.5649347305297852
10000,train,24,54,0.7541582386480269,0.5406943559646606
10000,train,25,69,0.7309162648912282,0.585374653339386
10000,train,26,61,0.7077041257367833,0.6162911057472229
10000,train,28,58,0.5918419070545181,0.7069881558418274
10000,train,29,55,0.5962946779897552,0.7133319973945618
10000,train,30,69,0.7653625109427364,0.5182803273200989
10000,train,31,72,0.755649215484973,0.5569287538528442
10000,train,32,56,0.7811591439772214,0.4983167052268982
10000,train,33,65,0.8147843313638897,0.46866512298583984
10000,train,34,64,0.8086704209636827,0.4616946876049042
10000,train,35,67,0.7780544160263817,0.5024290680885315
10000,train,36,66,0.6848305128702208,0.6376380324363708
10000,train,37,70,0.6898958445948129,0.6233798265457153
10000,train,39,58,0.6672203714600737,0.6579195857048035
10000,train,40,58,0.6489195789389134,0.6568382382392883
10000,train,41,65,0.6624976122775902,0.6500092148780823
10000,train,42,61,0.6789585018703239,0.6024380922317505
10000,train,43,74,0.6963583585627702,0.6272108554840088
10000,train,44,68,0.720088846819834,0.5656467080116272
10000,train,45,60,0.6927192930709317,0.6257643103599548
10000,train,46,61,0.7089175124912477,0.5766493082046509
10000,train,47,71,0.7028578791638438,0.6246199607849121
10000,train,48,58,0.6851435129485122,0.6327850222587585
10000,train,49,54,0.6456791041702952,0.6837498545646667
10000,train,50,76,0.5854731358730342,0.7143255472183228
10000,train,mean,3000,0.7246498395697386,0.5746433138847351
10000,held_interior,15,974,0.7302776977234686,0.5675960183143616
10000,held_interior,27,1061,0.6268466403162678,0.6852426528930664
10000,held_interior,38,965,0.6685553013420685,0.6400988101959229
10000,held_interior,mean,3000,0.6752265464606017,0.6325254440307617
10000,held_high,52,986,0.376791479548656,0.9149229526519775
10000,held_high,55,1002,0.13078475248545876,1.14187753200531
10000,held_high,58,1012,0.04498143236507051,1.21393620967865
10000,held_high,mean,3000,0.18418588813306172,1.0915929079055786
20000,train,1,63,0.8159453587838087,0.5010727047920227
20000,train,2,61,0.8133208480078391,0.4377293586730957
20000,train,3,62,0.8862833161986983,0.3789110481739044
20000,train,4,60,0.7119917511669097,0.6188097596168518
20000,train,5,63,0.7516380653938719,0.5555861592292786
20000,train,6,65,0.775503901016,0.5000607371330261
20000,train,7,55,0.7580810260072752,0.527940034866333
20000,train,8,62,0.7778779478932852,0.5453252196311951
20000,train,9,63,0.7736139545120884,0.5336397886276245
20000,train,10,56,0.7411364601668486,0.5377548336982727
20000,train,11,70,0.7707712676187064,0.5217785239219666
20000,train,12,66,0.7718675607106704,0.5266650915145874
20000,train,13,68,0.7024037200347065,0.5774491429328918
20000,train,14,69,0.6542826926652127,0.6608173251152039
20000,train,16,74,0.7579630039327587,0.5193613171577454
20000,train,17,73,0.7750468675992248,0.5190117955207825
20000,train,18,60,0.7420161777295816,0.5399661660194397
20000,train,19,69,0.7150800702356229,0.5787814855575562
20000,train,20,58,0.7062189476088383,0.6322022080421448
20000,train,21,75,0.7088770151047789,0.5778723359107971
20000,train,22,61,0.7241019217583123,0.5518772006034851
20000,train,23,57,0.7498873873820017,0.550757646560669
20000,train,24,54,0.7548363083060604,0.5392468571662903
20000,train,25,69,0.7397992639998059,0.5757991075515747
20000,train,26,61,0.6977807974303313,0.6304822564125061
20000,train,28,58,0.5968791516881722,0.7054324746131897
20000,train,29,55,0.6450789990367575,0.6638213992118835
20000,train,30,69,0.7486514200997568,0.5452709197998047
20000,train,31,72,0.7452863801713013,0.5759888291358948
20000,train,32,56,0.7760469397258435,0.5086055397987366
20000,train,33,65,0.800463557145933,0.49042972922325134
20000,train,34,64,0.7856740643058572,0.49224263429641724
20000,train,35,67,0.7696593027903487,0.5152836441993713
20000,train,36,66,0.6837524044858692,0.6420232653617859
20000,train,37,70,0.6816054212582777,0.6342341303825378
20000,train,39,58,0.6462683248667443,0.6830132603645325
20000,train,40,58,0.6253745430588211,0.6836181879043579
20000,train,41,65,0.6305872423874053,0.6852992177009583
20000,train,42,61,0.6515166973040117,0.6302503943443298
20000,train,43,74,0.6871752952580187,0.6373463273048401
20000,train,44,68,0.7177806800135538,0.5688767433166504
20000,train,45,60,0.6986498437301496,0.618890643119812
20000,train,46,61,0.7169272330920459,0.5630361437797546
20000,train,47,71,0.7165080732365049,0.6058875322341919
20000,train,48,58,0.7018582218833466,0.6078583002090454
20000,train,49,54,0.6697497973820863,0.6530014872550964
20000,train,50,76,0.6162320818602708,0.6865010857582092
20000,train,mean,3000,0.725277687362645,0.5750402212142944
20000,held_interior,15,974,0.7389539234377397,0.5585681796073914
20000,held_interior,27,1061,0.6194250053265338,0.6953408718109131
20000,held_interior,38,965,0.6433650469565059,0.6686980724334717
20000,held_interior,mean,3000,0.6672479919069265,0.6423652172088623
20000,held_high,52,986,0.4096059103284862,0.8910089135169983
20000,held_high,55,1002,0.14966300173372268,1.1371328830718994
20000,held_high,58,1012,0.06331319913057168,1.2108696699142456
20000,held_high,mean,3000,0.2075273703975935,1.0811140537261963
30000,train,1,63,0.8220094297278808,0.5032505393028259
30000,train,2,61,0.8404794113110196,0.4029477536678314
30000,train,3,62,0.8924182807212152,0.37158459424972534
30000,train,4,60,0.7114383984081567,0.6174954175949097
30000,train,5,63,0.7658346301475057,0.5369207859039307
30000,train,6,65,0.7907134110663162,0.48085519671440125
30000,train,7,55,0.767735261404746,0.5174990296363831
30000,train,8,62,0.7923991403562755,0.5239847302436829
30000,train,9,63,0.7883842136752442,0.5148239135742188
30000,train,10,56,0.7562521157637716,0.5210310816764832
30000,train,11,70,0.7613052357478118,0.5347815752029419
30000,train,12,66,0.7830483413657267,0.5108063817024231
30000,train,13,68,0.6993696025076763,0.579480767250061
30000,train,14,69,0.6583423318647099,0.6562227010726929
30000,train,16,74,0.7475628229915657,0.5295649170875549
30000,train,17,73,0.772807405617214,0.5202692151069641
30000,train,18,60,0.7456940278582128,0.5348500609397888
30000,train,19,69,0.7132805395703254,0.5815750360488892
30000,train,20,58,0.7047739837063873,0.6359615921974182
30000,train,21,75,0.7015401244304218,0.5853812098503113
30000,train,22,61,0.7181872989962215,0.5604079365730286
30000,train,23,57,0.749812686102475,0.5490741729736328
30000,train,24,54,0.7530992227433129,0.5420041680335999
30000,train,25,69,0.7424934936553466,0.5721890330314636
30000,train,26,61,0.701712211840006,0.6237986087799072
30000,train,28,58,0.6051063025736506,0.6969520449638367
30000,train,29,55,0.6722936729057016,0.6320405006408691
30000,train,30,69,0.7576638028774276,0.532540500164032
30000,train,31,72,0.7417220269610902,0.5783789157867432
30000,train,32,56,0.767199469325305,0.5153112411499023
30000,train,33,65,0.795128300505458,0.4966347813606262
30000,train,34,64,0.7824176840059064,0.4965464472770691
30000,train,35,67,0.7828144326448727,0.4966685175895691
30000,train,36,66,0.7028258519403185,0.6190034747123718
30000,train,37,70,0.6802750831015748,0.6359382271766663
30000,train,39,58,0.6537630149363071,0.675444483757019
30000,train,40,58,0.6345647431881786,0.6752256751060486
30000,train,41,65,0.6400148943211557,0.6738964319229126
30000,train,42,61,0.6749213217906729,0.6073046922683716
30000,train,43,74,0.6912134036442709,0.6339893341064453
30000,train,44,68,0.7153052075874812,0.5727165341377258
30000,train,45,60,0.6949134444446715,0.6208210587501526
30000,train,46,61,0.7013059951608283,0.5815452337265015
30000,train,47,71,0.6931748897450584,0.6347198486328125
30000,train,48,58,0.6733063830021869,0.6422102451324463
30000,train,49,54,0.6376283295522871,0.6918215751647949
30000,train,50,76,0.5866591663123849,0.7191246151924133
30000,train,mean,3000,0.7269130008958794,0.5731804966926575
30000,held_interior,15,974,0.7371265958932343,0.5608153939247131
30000,held_interior,27,1061,0.6278270535799413,0.6844669580459595
30000,held_interior,38,965,0.6471696471810777,0.6645811796188354
30000,held_interior,mean,3000,0.6707077655514176,0.6379247903823853
30000,held_high,52,986,0.3852572987737021,0.9155702590942383
30000,held_high,55,1002,0.14017206473644253,1.1499958038330078
30000,held_high,58,1012,0.05875393630340909,1.2208820581436157
30000,held_high,mean,3000,0.19472776660451788,1.0968600511550903
40000,train,1,63,0.8264974542567594,0.4784805178642273
40000,train,2,61,0.8354381595237226,0.40784379839897156
40000,train,3,62,0.893473349188337,0.36851808428764343
40000,train,4,60,0.7303191928076116,0.5966304540634155
40000,train,5,63,0.7565158380090472,0.5491832494735718
40000,train,6,65,0.7762252048360686,0.5024504661560059
40000,train,7,55,0.7599174670925152,0.5303206443786621
40000,train,8,62,0.7972662998606529,0.5193343162536621
40000,train,9,63,0.772113395585478,0.5397542119026184
40000,train,10,56,0.7496034305678573,0.5303963422775269
40000,train,11,70,0.7670452674248246,0.5288156867027283
40000,train,12,66,0.771673499912259,0.5306560397148132
40000,train,13,68,0.6918357233607495,0.5905788540840149
40000,train,14,69,0.656091736791162,0.6620753407478333
40000,train,16,74,0.7623018148357767,0.5141729116439819
40000,train,17,73,0.7787105520280515,0.5137880444526672
40000,train,18,60,0.7303423002273896,0.55503910779953
40000,train,19,69,0.7100534167572061,0.5850588083267212
40000,train,20,58,0.7081405546548288,0.6298878192901611
40000,train,21,75,0.7054895789969777,0.5849850177764893
40000,train,22,61,0.718479827323663,0.5627371072769165
40000,train,23,57,0.7433478926821238,0.5626927614212036
40000,train,24,54,0.74644741227921,0.5534816384315491
40000,train,25,69,0.7234742409018157,0.5970216393470764
40000,train,26,61,0.685382137406369,0.6460267305374146
40000,train,28,58,0.5809705550737355,0.7167884707450867
40000,train,29,55,0.6493194208791174,0.6558833718299866
40000,train,30,69,0.7474033872321366,0.542027473449707
40000,train,31,72,0.7506417064921368,0.5634194612503052
40000,train,32,56,0.7835776516425577,0.49382519721984863
40000,train,33,65,0.8039460834676099,0.4864581227302551
40000,train,34,64,0.7866756032178531,0.49066105484962463
40000,train,35,67,0.7763552577293497,0.5060484409332275
40000,train,36,66,0.6971120528361028,0.6244499087333679
40000,train,37,70,0.6897760498938077,0.6248617172241211
40000,train,39,58,0.6783163683610841,0.6479431390762329
40000,train,40,58,0.6651795147509558,0.6398664712905884
40000,train,41,65,0.6728427627282952,0.6388674378395081
40000,train,42,61,0.6982902151084275,0.5840165019035339
40000,train,43,74,0.7195785767627139,0.6035516262054443
40000,train,44,68,0.73645780616039,0.5539605617523193
40000,train,45,60,0.7064738675229278,0.6109455823898315
40000,train,46,61,0.7134520544254143,0.5715559124946594
40000,train,47,71,0.7049890944554873,0.6229251027107239
40000,train,48,58,0.6815898309975276,0.6366727352142334
40000,train,49,54,0.6340858607967583,0.6936180591583252
40000,train,50,76,0.573477672350562,0.7254384160041809
40000,train,mean,3000,0.7286531306424556,0.5716659426689148
40000,held_interior,15,974,0.7357048343801762,0.5613365769386292
40000,held_interior,27,1061,0.6095332691831555,0.7014354467391968
40000,held_interior,38,965,0.6625907995309952,0.6476640701293945
40000,held_interior,mean,3000,0.6692763010314424,0.638653576374054
40000,held_high,52,986,0.3658973269442095,0.9158959984779358
40000,held_high,55,1002,0.1380956254959658,1.1198832988739014
40000,held_high,58,1012,0.06305117143550734,1.1788073778152466
40000,held_high,mean,3000,0.18901470795856087,1.0727165937423706
50000,train,1,63,0.8044124103594198,0.5465208292007446
50000,train,2,61,0.822954808961775,0.42414939403533936
50000,train,3,62,0.8819169289387787,0.3912464380264282
50000,train,4,60,0.704589954970471,0.6264631748199463
50000,train,5,63,0.7514981778825592,0.5550758242607117
50000,train,6,65,0.7686990476492848,0.5085440278053284
50000,train,7,55,0.7479639746168839,0.5397613048553467
50000,train,8,62,0.780455244913285,0.5434355735778809
50000,train,9,63,0.7681710868164653,0.5406455397605896
50000,train,10,56,0.7479227410236391,0.530171275138855
50000,train,11,70,0.7554112367386617,0.541461169719696
50000,train,12,66,0.7653933357774461,0.5339050889015198
50000,train,13,68,0.6880568265641234,0.5920196771621704
50000,train,14,69,0.6488682941235908,0.6688264608383179
50000,train,16,74,0.7487203844538365,0.5313145518302917
50000,train,17,73,0.7697606278735575,0.5242235660552979
50000,train,18,60,0.723751101851189,0.5607925653457642
50000,train,19,69,0.7058092101829256,0.5899441838264465
50000,train,20,58,0.7036106093637678,0.6373981237411499
50000,train,21,75,0.7097593739132445,0.5757479667663574
50000,train,22,61,0.7156921973990016,0.5633227825164795
50000,train,23,57,0.7543599597671078,0.5469616055488586
50000,train,24,54,0.7574643117321641,0.533764123916626
50000,train,25,69,0.7402612446239888,0.5741027593612671
50000,train,26,61,0.6985584168023473,0.631422758102417
50000,train,28,58,0.6024981468064734,0.7020900845527649
50000,train,29,55,0.6849505642768956,0.6208094954490662
50000,train,30,69,0.7594063914071452,0.5389089584350586
50000,train,31,72,0.7608191188534005,0.5562574863433838
50000,train,32,56,0.7815948476696981,0.5007842779159546
50000,train,33,65,0.8013926128024744,0.4898511469364166
50000,train,34,64,0.7898365381785692,0.4864227771759033
50000,train,35,67,0.771527288231884,0.512946367263794
50000,train,36,66,0.6907470650468773,0.6359604597091675
50000,train,37,70,0.6894103730725907,0.6269713044166565
50000,train,39,58,0.6712608389892473,0.656196117401123
50000,train,40,58,0.6627001158215907,0.6449853777885437
50000,train,41,65,0.6694126210077781,0.6426673531532288
50000,train,42,61,0.6939244121508703,0.5858169198036194
50000,train,43,74,0.7192040804493199,0.6014981865882874
50000,train,44,68,0.7461830058055868,0.5361666083335876
50000,train,45,60,0.7137915443920374,0.5986804962158203
50000,train,46,61,0.7186844873183023,0.5619129538536072
50000,train,47,71,0.710956397818297,0.6163491010665894
50000,train,48,58,0.6922808506096721,0.6207476854324341
50000,train,49,54,0.6462210360422046,0.6862571835517883
50000,train,50,76,0.592760978977685,0.712350070476532
50000,train,mean,3000,0.7283749962346407,0.5732943415641785
50000,held_interior,15,974,0.7323126266917762,0.5695829391479492
50000,held_interior,27,1061,0.6241599369430242,0.6920511722564697
50000,held_interior,38,965,0.6637731940487295,0.6475395560264587
50000,held_interior,mean,3000,0.6734152525611766,0.6379719376564026
50000,held_high,52,986,0.3823711947653436,0.926422655582428
50000,held_high,55,1002,0.13713578896729067,1.1731990575790405
50000,held_high,58,1012,0.05892386626774464,1.2410845756530762
50000,held_high,mean,3000,0.19281028333345962,1.1149919033050537
60000,train,1,63,0.8306020041288318,0.48161780834198
60000,train,2,61,0.8391379870500244,0.4067331850528717
60000,train,3,62,0.8929264145747862,0.3726027309894562
60000,train,4,60,0.732313880621451,0.594303548336029
60000,train,5,63,0.7697312176897885,0.5330238342285156
60000,train,6,65,0.7956948078823102,0.47807082533836365
60000,train,7,55,0.7744160701231599,0.5109738707542419
60000,train,8,62,0.7916308704563711,0.5264736413955688
60000,train,9,63,0.7921037892448372,0.5138418078422546
60000,train,10,56,0.7564417743304551,0.5206214189529419
60000,train,11,70,0.7683770039551236,0.5288503170013428
60000,train,12,66,0.7781106517455663,0.5206048488616943
60000,train,13,68,0.7060627279728096,0.5746992826461792
60000,train,14,69,0.6546283790310276,0.6613942384719849
60000,train,16,74,0.7435625880344587,0.5372275114059448
60000,train,17,73,0.7761945278894181,0.5186169147491455
60000,train,18,60,0.7389286040955069,0.5449161529541016
60000,train,19,69,0.706051197777441,0.590095043182373
60000,train,20,58,0.6959869505505548,0.646977961063385
60000,train,21,75,0.6874547183823199,0.6009566187858582
60000,train,22,61,0.6957163740093669,0.587855339050293
60000,train,23,57,0.7357386010192521,0.5703104138374329
60000,train,24,54,0.7450046953297405,0.5536836385726929
60000,train,25,69,0.7354411746106958,0.580463707447052
60000,train,26,61,0.6957878971577088,0.6327471137046814
60000,train,28,58,0.6077717940329991,0.6948282122612
60000,train,29,55,0.6560442055681303,0.6496968865394592
60000,train,30,69,0.7640057162249221,0.5230928659439087
60000,train,31,72,0.7427966820332683,0.5769705772399902
60000,train,32,56,0.7544813321258389,0.5336118936538696
60000,train,33,65,0.7982587994883403,0.4954938590526581
60000,train,34,64,0.7891600666701653,0.48730477690696716
60000,train,35,67,0.7836933442722562,0.4964662790298462
60000,train,36,66,0.7093394119458747,0.6117070913314819
60000,train,37,70,0.6894728937148211,0.627935528755188
60000,train,39,58,0.6507234528545788,0.6809056401252747
60000,train,40,58,0.6234922423319189,0.6876673102378845
60000,train,41,65,0.6325750521383078,0.6835638880729675
60000,train,42,61,0.6639488347894809,0.6198943257331848
60000,train,43,74,0.6811320380189562,0.6468774080276489
60000,train,44,68,0.7132811896880568,0.5765231251716614
60000,train,45,60,0.6884337942919339,0.6298871636390686
60000,train,46,61,0.6996714376251413,0.5827978253364563
60000,train,47,71,0.7002423702744632,0.6302378177642822
60000,train,48,58,0.6899621778856496,0.6256811022758484
60000,train,49,54,0.6612673566321409,0.6623828411102295
60000,train,50,76,0.6087626782522526,0.6948051452636719
60000,train,mean,3000,0.7265225910323937,0.5745525360107422
60000,held_interior,15,974,0.7442924375569283,0.5522816181182861
60000,held_interior,27,1061,0.6271491104661244,0.6850914359092712
60000,held_interior,38,965,0.6456205000230546,0.6671535968780518
60000,held_interior,mean,3000,0.672354016015369,0.6362025737762451
60000,held_high,52,986,0.40278829611855604,0.8938487768173218
60000,held_high,55,1002,0.1459775549488302,1.1307417154312134
60000,held_high,58,1012,0.06579084735392966,1.1990467309951782
60000,held_high,mean,3000,0.20485223280710532,1.0759245157241821
70000,train,1,63,0.8228978944085792,0.49515336751937866
70000,train,2,61,0.8518583050245568,0.38552671670913696
70000,train,3,62,0.9040217128737698,0.35208410024642944
70000,train,4,60,0.753706205078172,0.5636112093925476
70000,train,5,63,0.7693480713955853,0.533267080783844
70000,train,6,65,0.7956691936896486,0.47792285680770874
70000,train,7,55,0.7719640918220356,0.5131354331970215
70000,train,8,62,0.7947456346251759,0.5209367275238037
70000,train,9,63,0.7923167211954334,0.512109100818634
70000,train,10,56,0.7648703859905106,0.5114583373069763
70000,train,11,70,0.7694142825144735,0.5260789394378662
70000,train,12,66,0.7807670725834682,0.5156217813491821
70000,train,13,68,0.7103842635282531,0.5681437253952026
70000,train,14,69,0.6656071703122747,0.6486142873764038
70000,train,16,74,0.7502660096320327,0.5277021527290344
70000,train,17,73,0.7777316231821337,0.5147086977958679
70000,train,18,60,0.7406428742771421,0.5410365462303162
70000,train,19,69,0.7086637810035123,0.585522472858429
70000,train,20,58,0.6964888925209688,0.6440719366073608
70000,train,21,75,0.6931648270521628,0.5943687558174133
70000,train,22,61,0.7008894165708495,0.5774832367897034
70000,train,23,57,0.7314920530061383,0.5740967988967896
70000,train,24,54,0.734060042669031,0.5640912652015686
70000,train,25,69,0.7219975730278503,0.5961766839027405
70000,train,26,61,0.6917992126650195,0.6394751667976379
70000,train,28,58,0.6030370637159304,0.6959810853004456
70000,train,29,55,0.6577429764121984,0.6479651927947998
70000,train,30,69,0.7668412896565813,0.5200866460800171
70000,train,31,72,0.7540426816452164,0.5603180527687073
70000,train,32,56,0.7826077411744241,0.494497686624527
70000,train,33,65,0.8012599512831637,0.4882512390613556
70000,train,34,64,0.7907093535708543,0.48532208800315857
70000,train,35,67,0.7930048262736109,0.4841387867927551
70000,train,36,66,0.7198406257612733,0.5976512432098389
70000,train,37,70,0.6960759752215856,0.6170206665992737
70000,train,39,58,0.6741040464146277,0.6520348787307739
70000,train,40,58,0.6440886846853215,0.6643744111061096
70000,train,41,65,0.6565340391139638,0.6559063196182251
70000,train,42,61,0.6829976077127611,0.5969812870025635
70000,train,43,74,0.6864123185858637,0.6389616131782532
70000,train,44,68,0.711081091623637,0.5772407650947571
70000,train,45,60,0.6858520457910309,0.6311585903167725
70000,train,46,61,0.6854521189919253,0.5965434312820435
70000,train,47,71,0.6778991964885177,0.652143657207489
70000,train,48,58,0.6599116699107022,0.6559687852859497
70000,train,49,54,0.6291003306577105,0.6985985636711121
70000,train,50,76,0.5791282827067359,0.7232887148857117
70000,train,mean,3000,0.7283508771924767,0.5705662965774536
70000,held_interior,15,974,0.7438760661484916,0.5519772171974182
70000,held_interior,27,1061,0.6217315249998027,0.6909090876579285
70000,held_interior,38,965,0.6621277473284785,0.6478443741798401
70000,held_interior,mean,3000,0.6759117794922576,0.6319500207901001
70000,held_high,52,986,0.3865033985429375,0.9107861518859863
70000,held_high,55,1002,0.14106316538729738,1.1439701318740845
70000,held_high,58,1012,0.06349181881835857,1.2116138935089111
70000,held_high,mean,3000,0.19701946091619782,1.09014892578125
80000,train,1,63,0.83073801884617,0.4764249622821808
80000,train,2,61,0.8395688519418676,0.39984503388404846
80000,train,3,62,0.8927436052100011,0.3691553473472595
80000,train,4,60,0.72408758113669,0.6032409071922302
80000,train,5,63,0.757009933225811,0.5477039813995361
80000,train,6,65,0.7791539512221564,0.49774205684661865
80000,train,7,55,0.7529161393733271,0.5376391410827637
80000,train,8,62,0.7815970696039685,0.5403058528900146
80000,train,9,63,0.771457879076371,0.539792001247406
80000,train,10,56,0.7533891204433047,0.5248952507972717
80000,train,11,70,0.7662610165050631,0.5293084383010864
80000,train,12,66,0.7704104472793407,0.5303030610084534
80000,train,13,68,0.6940146665121809,0.586387038230896
80000,train,14,69,0.6594514553097172,0.6558521389961243
80000,train,16,74,0.7495486906821883,0.5284683704376221
80000,train,17,73,0.7787481820676444,0.5144126415252686
80000,train,18,60,0.7312163275802804,0.5539498925209045
80000,train,19,69,0.7153977185611838,0.5795003175735474
80000,train,20,58,0.7090634268562934,0.6289393305778503
80000,train,21,75,0.7085475188755928,0.5799341797828674
80000,train,22,61,0.7182971672232163,0.5621368288993835
80000,train,23,57,0.745889568456864,0.55817049741745
80000,train,24,54,0.7463120903450177,0.553095281124115
80000,train,25,69,0.7274009104781309,0.5918203592300415
80000,train,26,61,0.6968769373354989,0.6314836144447327
80000,train,28,58,0.5955903195317889,0.7051315903663635
80000,train,29,55,0.6601004954727877,0.6451934576034546
80000,train,30,69,0.7584775306259093,0.531002938747406
80000,train,31,72,0.7480576759477849,0.5689873695373535
80000,train,32,56,0.7635291869663348,0.5197953581809998
80000,train,33,65,0.7895088082213597,0.5058209300041199
80000,train,34,64,0.7867990570073091,0.49065160751342773
80000,train,35,67,0.7779727491012509,0.504152774810791
80000,train,36,66,0.6952846709087559,0.6272704601287842
80000,train,37,70,0.6864624054025164,0.6285569071769714
80000,train,39,58,0.661330859363624,0.666978657245636
80000,train,40,58,0.6535424723698811,0.6514238715171814
80000,train,41,65,0.6646473788046818,0.6465891003608704
80000,train,42,61,0.69005635393728,0.5910708904266357
80000,train,43,74,0.7188479632614253,0.6020533442497253
80000,train,44,68,0.7386856087316084,0.5495070219039917
80000,train,45,60,0.708525918694769,0.6066029667854309
80000,train,46,61,0.7177922942976317,0.564875602722168
80000,train,47,71,0.7049055581074923,0.6216905117034912
80000,train,48,58,0.6818714156664691,0.6355509161949158
80000,train,49,54,0.6404153038684267,0.6825093626976013
80000,train,50,76,0.5871375010187134,0.7138650417327881
80000,train,mean,3000,0.7282902085416104,0.5717231631278992
80000,held_interior,15,974,0.7417352597101118,0.5540015697479248
80000,held_interior,27,1061,0.6243363250070398,0.6869750022888184
80000,held_interior,38,965,0.6512722633185328,0.6593546271324158
80000,held_interior,mean,3000,0.6724479493452282,0.6349183917045593
80000,held_high,52,986,0.38744930637126723,0.901842474937439
80000,held_high,55,1002,0.14656799828372558,1.1229246854782104
80000,held_high,58,1012,0.06468135428111814,1.1891069412231445
80000,held_high,mean,3000,0.19956621964537027,1.0725877285003662
90000,train,1,63,0.8370350058524986,0.46519801020622253
90000,train,2,61,0.8531417461129823,0.3833540380001068
90000,train,3,62,0.8915132737011513,0.3711284399032593
90000,train,4,60,0.7382930824820683,0.58339923620224
90000,train,5,63,0.7757079743717813,0.5237292051315308
90000,train,6,65,0.7835456527843188,0.491324782371521
90000,train,7,55,0.7672166707517227,0.5170407891273499
90000,train,8,62,0.7725837042207674,0.5499135255813599
90000,train,9,63,0.7853044373911666,0.5200835466384888
90000,train,10,56,0.7576613299766459,0.5179323554039001
90000,train,11,70,0.7678027319372713,0.5269892811775208
90000,train,12,66,0.7797028366362255,0.5167399048805237
90000,train,13,68,0.7102209972728759,0.5669693946838379
90000,train,14,69,0.6703427202697279,0.6435410976409912
90000,train,16,74,0.7452966995678557,0.5342015027999878
90000,train,17,73,0.7850965726989485,0.5055739283561707
90000,train,18,60,0.7564649980490644,0.5219727158546448
90000,train,19,69,0.7146682635808236,0.5800454616546631
90000,train,20,58,0.7108485531769775,0.6264207363128662
90000,train,21,75,0.7165761631427523,0.5684176683425903
90000,train,22,61,0.7252702893945904,0.5507781505584717
90000,train,23,57,0.7497559806881346,0.5510555505752563
90000,train,24,54,0.7447789151419426,0.5494544506072998
90000,train,25,69,0.7221196923885189,0.5943366289138794
90000,train,26,61,0.686324122352237,0.6453649401664734
90000,train,28,58,0.5914024484557776,0.7101702690124512
90000,train,29,55,0.6380829166333112,0.6746837496757507
90000,train,30,69,0.7486052776648784,0.5448437929153442
90000,train,31,72,0.7325648573232091,0.5919807553291321
90000,train,32,56,0.7573142850631184,0.5301862955093384
90000,train,33,65,0.7968734470163445,0.4950520992279053
90000,train,34,64,0.783668264329569,0.4936941862106323
90000,train,35,67,0.7865592016116267,0.4931796193122864
90000,train,36,66,0.7057528549459005,0.6169117093086243
90000,train,37,70,0.6849336752143456,0.6318413615226746
90000,train,39,58,0.6441326423220954,0.6864537596702576
90000,train,40,58,0.6208463056873555,0.690520167350769
90000,train,41,65,0.6408113278828325,0.6738178133964539
90000,train,42,61,0.6768773037806175,0.6029520034790039
90000,train,43,74,0.700450912372629,0.6245521306991577
90000,train,44,68,0.7291224650311103,0.5574824213981628
90000,train,45,60,0.6992693761893851,0.6146348118782043
90000,train,46,61,0.7099830690669762,0.5722870230674744
90000,train,47,71,0.7016728033054447,0.623819887638092
90000,train,48,58,0.6770662986352528,0.6372813582420349
90000,train,49,54,0.6343118892109347,0.6952536702156067
90000,train,50,76,0.5808816610392148,0.7234092950820923
90000,train,mean,3000,0.7274139509941483,0.5719294548034668
90000,held_interior,15,974,0.7436367779155075,0.5524460077285767
90000,held_interior,27,1061,0.6158614951275935,0.6991041898727417
90000,held_interior,38,965,0.6328321579276956,0.6813312768936157
90000,held_interior,mean,3000,0.6641101436569322,0.6457721590995789
90000,held_high,52,986,0.38185429262873055,0.9217576384544373
90000,held_high,55,1002,0.13922631950885062,1.1577937602996826
90000,held_high,58,1012,0.05804931433234827,1.2318421602249146
90000,held_high,mean,3000,0.1930433088233098,1.1051955223083496
100000,train,1,63,0.826837304374275,0.4764706790447235
100000,train,2,61,0.8479157394506013,0.3894506096839905
100000,train,3,62,0.8910137967280907,0.37253981828689575
100000,train,4,60,0.7354811631705613,0.5895355939865112
100000,train,5,63,0.7631953518027433,0.5399591326713562
100000,train,6,65,0.7890337519449578,0.4865507483482361
100000,train,7,55,0.7616884233184734,0.5265709757804871
100000,train,8,62,0.7834190256376083,0.5372540950775146
100000,train,9,63,0.7744324370912239,0.536165177822113
100000,train,10,56,0.753346794211109,0.5260090231895447
100000,train,11,70,0.762265999342271,0.5339528322219849
100000,train,12,66,0.7684015981723517,0.5325011610984802
100000,train,13,68,0.6965766509486961,0.5842961072921753
100000,train,14,69,0.6536617397259089,0.6627437472343445
100000,train,16,74,0.7459542681800793,0.5324126482009888
100000,train,17,73,0.773101176299237,0.5212389826774597
100000,train,18,60,0.723167365324878,0.5629647374153137
100000,train,19,69,0.7035306790896203,0.592159628868103
100000,train,20,58,0.6972766813295431,0.6430696249008179
100000,train,21,75,0.702010469978019,0.5876330137252808
100000,train,22,61,0.7147579183768333,0.5636349320411682
100000,train,23,57,0.736088081500151,0.5690039992332458
100000,train,24,54,0.7273686517075136,0.5730782747268677
100000,train,25,69,0.7134223951180853,0.6078516840934753
100000,train,26,61,0.6813580778154396,0.6495186686515808
100000,train,28,58,0.5716754818563599,0.725919246673584
100000,train,29,55,0.637462353924444,0.6703920960426331
100000,train,30,69,0.7275803223106939,0.5710646510124207
100000,train,31,72,0.7344319083114701,0.5853400826454163
100000,train,32,56,0.7697250807499485,0.5100287795066833
100000,train,33,65,0.7916549682154754,0.5034710168838501
100000,train,34,64,0.7803981316457692,0.4983135759830475
100000,train,35,67,0.7748003830062771,0.5054458379745483
100000,train,36,66,0.6926422498553637,0.6321467757225037
100000,train,37,70,0.6877920369517743,0.626613438129425
100000,train,39,58,0.6806671366572158,0.643507182598114
100000,train,40,58,0.6637042861882844,0.6405856609344482
100000,train,41,65,0.6791690761430236,0.6319320797920227
100000,train,42,61,0.7014462035402839,0.5792239904403687
100000,train,43,74,0.7243137254600066,0.596906840801239
100000,train,44,68,0.7493230555475061,0.536731481552124
100000,train,45,60,0.7236611433052615,0.5899909138679504
100000,train,46,61,0.7245530174310808,0.5587061047554016
100000,train,47,71,0.7137423741431185,0.6112566590309143
100000,train,48,58,0.6915109962452611,0.6217470765113831
100000,train,49,54,0.6508483321441711,0.6739654541015625
100000,train,50,76,0.6005782391798151,0.7005931735038757
100000,train,mean,3000,0.7275954477329974,0.5724808573722839
100000,held_interior,15,974,0.7269995214226151,0.572475790977478
100000,held_interior,27,1061,0.5989183356843206,0.7134438753128052
100000,held_interior,38,965,0.6636875956108548,0.6460225582122803
100000,held_interior,mean,3000,0.6632018175725968,0.6459890007972717
100000,held_high,52,986,0.40125448362108534,0.8930237889289856
100000,held_high,55,1002,0.15078374491313426,1.1262781620025635
100000,held_high,58,1012,0.0643192697815815,1.1996264457702637
100000,held_high,mean,3000,0.20545249943860036,1.0743581056594849
110000,train,1,63,0.8293404106352325,0.4650154113769531
110000,train,2,61,0.8142280920128212,0.4346350431442261
110000,train,3,62,0.8873879852545518,0.3781035542488098
110000,train,4,60,0.7011638224671287,0.6305209994316101
110000,train,5,63,0.7395552475070429,0.5743522047996521
110000,train,6,65,0.7508084381642569,0.5314631462097168
110000,train,7,55,0.7368254775143536,0.5574682950973511
110000,train,8,62,0.7535381204330611,0.5811939239501953
110000,train,9,63,0.749999794177576,0.569379448890686
110000,train,10,56,0.7319052284667069,0.5527793169021606
110000,train,11,70,0.7494314621401402,0.5479716658592224
110000,train,12,66,0.749749992960506,0.559953510761261
110000,train,13,68,0.6857993776919223,0.59764564037323
110000,train,14,69,0.6396392083957971,0.6780579686164856
110000,train,16,74,0.7409074835101095,0.5379127860069275
110000,train,17,73,0.7690379440376323,0.5284408926963806
110000,train,18,60,0.7112026784147174,0.5753127932548523
110000,train,19,69,0.6885880679709588,0.609481155872345
110000,train,20,58,0.6898104081740158,0.6518834829330444
110000,train,21,75,0.6868805251143031,0.6032862067222595
110000,train,22,61,0.7049859742887771,0.5764604210853577
110000,train,23,57,0.7265797951736268,0.5789139270782471
110000,train,24,54,0.7394844915978922,0.5608136057853699
110000,train,25,69,0.7258017474255665,0.5962894558906555
110000,train,26,61,0.6982077987542058,0.6316134333610535
110000,train,28,58,0.5878220102515017,0.7086977958679199
110000,train,29,55,0.6546874883182076,0.6565132737159729
110000,train,30,69,0.7443518425189997,0.5471216440200806
110000,train,31,72,0.747241112627587,0.5684798955917358
110000,train,32,56,0.7705375181742176,0.5079328417778015
110000,train,33,65,0.8017371922117552,0.4875691831111908
110000,train,34,64,0.7927292528430943,0.4863191246986389
110000,train,35,67,0.7779102065927042,0.5035920739173889
110000,train,36,66,0.6975500084955413,0.6258222460746765
110000,train,37,70,0.6842656247406347,0.6311154961585999
110000,train,39,58,0.6805017109844316,0.6452327370643616
110000,train,40,58,0.6602788725600118,0.6447885632514954
110000,train,41,65,0.6706431127594936,0.64322829246521
110000,train,42,61,0.6860947709123618,0.5966838598251343
110000,train,43,74,0.7026383883064667,0.6210901737213135
110000,train,44,68,0.7227889864877212,0.5691685676574707
110000,train,45,60,0.6823688738193332,0.6358106732368469
110000,train,46,61,0.6881663011150616,0.5985803008079529
110000,train,47,71,0.6851011081285834,0.6469033360481262
110000,train,48,58,0.6612200436519791,0.6534225940704346
110000,train,49,54,0.6150755091367097,0.7133517265319824
110000,train,50,76,0.5722241363501399,0.7290603518486023
110000,train,mean,3000,0.7167402902823283,0.5855648517608643
110000,held_interior,15,974,0.7274809076958588,0.5716379880905151
110000,held_interior,27,1061,0.6174354317590277,0.6933141946792603
110000,held_interior,38,965,0.6709395733674502,0.6389676332473755
110000,held_interior,mean,3000,0.6719519709407789,0.6363284587860107
110000,held_high,52,986,0.37324025988234705,0.9116368889808655
110000,held_high,55,1002,0.13741030260607123,1.1218938827514648
110000,held_high,58,1012,0.05259373208930564,1.192134141921997
110000,held_high,mean,3000,0.18774809819257465,1.0764837265014648
120000,train,1,63,0.8255794208858316,0.4783412218093872
120000,train,2,61,0.8386923304477074,0.3991970419883728
120000,train,3,62,0.8978907321630601,0.3646218478679657
120000,train,4,60,0.7183790569931034,0.6093862056732178
120000,train,5,63,0.7513660109724843,0.5576155185699463
120000,train,6,65,0.772329685894261,0.5065506100654602
120000,train,7,55,0.7429719130330744,0.548974871635437
120000,train,8,62,0.7769030221760762,0.5479670166969299
120000,train,9,63,0.7698521356082563,0.5403285622596741
120000,train,10,56,0.7471384050901988,0.5333524346351624
120000,train,11,70,0.7578221226374068,0.5401315689086914
120000,train,12,66,0.7752213532060497,0.5235002040863037
120000,train,13,68,0.7053978008232545,0.577404260635376
120000,train,14,69,0.6707533072149806,0.6436132788658142
120000,train,16,74,0.759874078492781,0.5169023871421814
120000,train,17,73,0.7785722861658231,0.5147035717964172
120000,train,18,60,0.7413711674723805,0.5401993989944458
120000,train,19,69,0.7101195246315349,0.5856492519378662
120000,train,20,58,0.7089236116394855,0.6329033374786377
120000,train,21,75,0.7066302516312918,0.5804141163825989
120000,train,22,61,0.7214345202181275,0.5552159547805786
120000,train,23,57,0.7489328988750774,0.5546282529830933
120000,train,24,54,0.7534632963358898,0.5418717861175537
120000,train,25,69,0.7374470077765469,0.5810047388076782
120000,train,26,61,0.7036844014282934,0.6275009512901306
120000,train,28,58,0.5863624853133105,0.7148340344429016
120000,train,29,55,0.6371844070740196,0.6737712025642395
120000,train,30,69,0.7546591439978823,0.5375257134437561
120000,train,31,72,0.7444810905036144,0.5718838572502136
120000,train,32,56,0.7698784343722249,0.5088143944740295
120000,train,33,65,0.7909884638838988,0.5036326050758362
120000,train,34,64,0.7815691320263121,0.4983522593975067
120000,train,35,67,0.7740783432216631,0.5095745921134949
120000,train,36,66,0.6988510023544722,0.62457275390625
120000,train,37,70,0.6763938452142385,0.6401244401931763
120000,train,39,58,0.6593798204692514,0.668221652507782
120000,train,40,58,0.6469420566802052,0.6605840921401978
120000,train,41,65,0.6627263372525545,0.6505604386329651
120000,train,42,61,0.6925245747500866,0.5868229866027832
120000,train,43,74,0.7190172021608007,0.6004675030708313
120000,train,44,68,0.740971104906928,0.5459274053573608
120000,train,45,60,0.7195608522444865,0.5949103832244873
120000,train,46,61,0.7218214353702138,0.5617521405220032
120000,train,47,71,0.7155663413763754,0.6095918416976929
120000,train,48,58,0.6976591087893187,0.6162046194076538
120000,train,49,54,0.6595505377308293,0.6665700078010559
120000,train,50,76,0.6160647769715633,0.6857548952102661
120000,train,mean,3000,0.7295102306058985,0.5705668330192566
120000,held_interior,15,974,0.7516813788151502,0.5429617762565613
120000,held_interior,27,1061,0.6176032275211931,0.6961726546287537
120000,held_interior,38,965,0.6464135268392158,0.6657781600952148
120000,held_interior,mean,3000,0.6718993777251864,0.6366533041000366
120000,held_high,52,986,0.43244296911016783,0.8692839741706848
120000,held_high,55,1002,0.17179376668145874,1.1141823530197144
120000,held_high,58,1012,0.0680676821299742,1.2037187814712524
120000,held_high,mean,3000,0.22410147264053357,1.0638961791992188
130000,train,1,63,0.8181567881154229,0.4921264052391052
130000,train,2,61,0.8145072978651607,0.4335781931877136
130000,train,3,62,0.8887691181529374,0.3769080340862274
130000,train,4,60,0.7067796620697534,0.6221897006034851
130000,train,5,63,0.7489124269102805,0.559873640537262
130000,train,6,65,0.7621063115050887,0.5177549123764038
130000,train,7,55,0.7508469337255593,0.5386140942573547
130000,train,8,62,0.7585998799754827,0.569101870059967
130000,train,9,63,0.7750110331973372,0.534256100654602
130000,train,10,56,0.7370257320798748,0.5430890321731567
130000,train,11,70,0.759477179321702,0.5379671454429626
130000,train,12,66,0.7807727112170707,0.5160691142082214
130000,train,13,68,0.7158421971014584,0.5645948052406311
130000,train,14,69,0.6839132746792342,0.6306585669517517
130000,train,16,74,0.7401677023483583,0.5383764505386353
130000,train,17,73,0.7754912431528496,0.519838273525238
130000,train,18,60,0.7556426677505519,0.5234528183937073
130000,train,19,69,0.7169878651848871,0.5780289769172668
130000,train,20,58,0.7089197164578805,0.6303780674934387
130000,train,21,75,0.7104985333641394,0.5770615339279175
130000,train,22,61,0.7195354110653948,0.5580388903617859
130000,train,23,57,0.7399844612929787,0.5656024813652039
130000,train,24,54,0.7421028759961683,0.5555121302604675
130000,train,25,69,0.7243425427994025,0.5935918688774109
130000,train,26,61,0.6979969981575371,0.6311776638031006
130000,train,28,58,0.5939208095955795,0.7069687843322754
130000,train,29,55,0.6155064276646159,0.6973037719726562
130000,train,30,69,0.7430652690004536,0.5489615797996521
130000,train,31,72,0.7416473907335402,0.5756155848503113
130000,train,32,56,0.7587148768821195,0.5241532921791077
130000,train,33,65,0.8011880938309679,0.48816025257110596
130000,train,34,64,0.7922262249231798,0.48616695404052734
130000,train,35,67,0.7918590285358478,0.48773911595344543
130000,train,36,66,0.72632254828035,0.590561032295227
130000,train,37,70,0.7023391011785581,0.6096746921539307
130000,train,39,58,0.6842624781247336,0.6413570046424866
130000,train,40,58,0.6756105017383973,0.6321513652801514
130000,train,41,65,0.6850652790942764,0.6256206631660461
130000,train,42,61,0.7126168612888221,0.5686119198799133
130000,train,43,74,0.7214352911424561,0.597914457321167
130000,train,44,68,0.7466498093289202,0.5400275588035583
130000,train,45,60,0.7121659234538363,0.6003691554069519
130000,train,46,61,0.7139167430547693,0.5703505277633667
130000,train,47,71,0.7000921528947048,0.626879870891571
130000,train,48,58,0.6741812726490076,0.6415730714797974
130000,train,49,54,0.634555893822828,0.6899036765098572
130000,train,50,76,0.5809197526661416,0.721278727054596
130000,train,mean,3000,0.7285245168802259,0.5714457035064697
130000,held_interior,15,974,0.7422413440777007,0.553697407245636
130000,held_interior,27,1061,0.6217942085659444,0.6902028918266296
130000,held_interior,38,965,0.6704802626588826,0.6389681696891785
130000,held_interior,mean,3000,0.6781719384341759,0.6294036507606506
130000,held_high,52,986,0.4028855341785151,0.8905712962150574
130000,held_high,55,1002,0.16625455285750193,1.1081258058547974
130000,held_high,58,1012,0.06730401377698227,1.1934326887130737
130000,held_high,mean,3000,0.2121480336043331,1.0653996467590332
140000,train,1,63,0.8052462810956906,0.5432791113853455
140000,train,2,61,0.8204073249950433,0.4295760691165924
140000,train,3,62,0.8823111483454985,0.3876957297325134
140000,train,4,60,0.7094594287959655,0.6206621527671814
140000,train,5,63,0.7590352188871555,0.546441376209259
140000,train,6,65,0.7808061166361082,0.49357134103775024
140000,train,7,55,0.7642155304714853,0.5235141515731812
140000,train,8,62,0.781061523479989,0.5402283668518066
140000,train,9,63,0.7760974450157331,0.5326007604598999
140000,train,10,56,0.7490350613734653,0.5287209153175354
140000,train,11,70,0.762660016348171,0.5354081392288208
140000,train,12,66,0.778997594118423,0.5191506743431091
140000,train,13,68,0.707276102288179,0.5714804530143738
140000,train,14,69,0.6766764121617093,0.6366274356842041
140000,train,16,74,0.7562029217066394,0.5218560695648193
140000,train,17,73,0.779456571239487,0.5139807462692261
140000,train,18,60,0.7465115244955075,0.5366210341453552
140000,train,19,69,0.7118957792099752,0.5846421718597412
140000,train,20,58,0.7048773561863251,0.6333752274513245
140000,train,21,75,0.6992941848735039,0.5890454649925232
140000,train,22,61,0.7103587137240027,0.5714148879051208
140000,train,23,57,0.7352318195675466,0.5699058771133423
140000,train,24,54,0.7442365853401437,0.5524209141731262
140000,train,25,69,0.7240159299550106,0.592204749584198
140000,train,26,61,0.6902358959619936,0.6389975547790527
140000,train,28,58,0.5915273221302296,0.7118533849716187
140000,train,29,55,0.6576444076267002,0.6494873762130737
140000,train,30,69,0.7627277312245397,0.5262036323547363
140000,train,31,72,0.75113944429776,0.5678659677505493
140000,train,32,56,0.778095458947834,0.5040449500083923
140000,train,33,65,0.8015282216894902,0.49147334694862366
140000,train,34,64,0.7892497185892079,0.4886147975921631
140000,train,35,67,0.7875774821221935,0.4902363717556
140000,train,36,66,0.7229302533145667,0.5948318839073181
140000,train,37,70,0.7013582084992714,0.6123517155647278
140000,train,39,58,0.6797829051773484,0.6457610130310059
140000,train,40,58,0.6644086335592329,0.6421941518783569
140000,train,41,65,0.6656116702334525,0.6475705504417419
140000,train,42,61,0.6908271949050742,0.594262421131134
140000,train,43,74,0.709894455911607,0.6147497296333313
140000,train,44,68,0.7284147816586571,0.5603368878364563
140000,train,45,60,0.7017094995082979,0.6142524480819702
140000,train,46,61,0.7088411598575091,0.5760701298713684
140000,train,47,71,0.70140211821343,0.6275794506072998
140000,train,48,58,0.6879946121672744,0.6267180442810059
140000,train,49,54,0.6492244416218754,0.6752620339393616
140000,train,50,76,0.6078027264495132,0.6970820426940918
140000,train,mean,3000,0.7296871262548471,0.5714660882949829
140000,held_interior,15,974,0.7462686904024365,0.5496645569801331
140000,held_interior,27,1061,0.6181284034067865,0.6953399181365967
140000,held_interior,38,965,0.6670481025117175,0.6445592045783997
140000,held_interior,mean,3000,0.6771483987736469,0.6317095756530762
140000,held_high,52,986,0.4125776543454553,0.8865164518356323
140000,held_high,55,1002,0.15759646435322947,1.1271220445632935
140000,held_high,58,1012,0.06445223159632235,1.2094552516937256
140000,held_high,mean,3000,0.21154211676500237,1.0758167505264282
150000,train,1,63,0.8187144457213076,0.49684903025627136
150000,train,2,61,0.8358321425193612,0.4070359170436859
150000,train,3,62,0.8973805678508892,0.36284738779067993
150000,train,4,60,0.7121047365446289,0.6164214015007019
150000,train,5,63,0.745289853041893,0.563066303730011
150000,train,6,65,0.7570535832618284,0.5224704742431641
150000,train,7,55,0.7330277272053284,0.5590255856513977
150000,train,8,62,0.7685547310967015,0.5577046871185303
150000,train,9,63,0.7556527540302536,0.558272659778595
150000,train,10,56,0.7379975434804076,0.540880560874939
150000,train,11,70,0.748713301939303,0.550579309463501
150000,train,12,66,0.7652327558352382,0.5348824858665466
150000,train,13,68,0.688830789855579,0.593492329120636
150000,train,14,69,0.6526170136787968,0.6624385118484497
150000,train,16,74,0.746856808114987,0.5327029824256897
150000,train,17,73,0.7603978688141275,0.5378836393356323
150000,train,18,60,0.7220325934133709,0.5636451840400696
150000,train,19,69,0.6911091178002082,0.6044172048568726
150000,train,20,58,0.6906493249257579,0.6513186097145081
150000,train,21,75,0.698109401646532,0.5904151201248169
150000,train,22,61,0.7135264437458984,0.5650660395622253
150000,train,23,57,0.7424251746451567,0.5591719150543213
150000,train,24,54,0.7421394980982837,0.554010808467865
150000,train,25,69,0.729282015305823,0.5876147747039795
150000,train,26,61,0.6981598094729368,0.6310997605323792
150000,train,28,58,0.5958711739976611,0.7073392271995544
150000,train,29,55,0.6564762114611353,0.647846519947052
150000,train,30,69,0.7668969309065026,0.5195040106773376
150000,train,31,72,0.7557619621885951,0.5574377775192261
150000,train,32,56,0.7867545893830027,0.48933836817741394
150000,train,33,65,0.7930886966559186,0.500059187412262
150000,train,34,64,0.781679197231711,0.4975205361843109
150000,train,35,67,0.7856220468369681,0.494608074426651
150000,train,36,66,0.6992958058187185,0.6260339021682739
150000,train,37,70,0.6770468575182655,0.6418066620826721
150000,train,39,58,0.668802795641714,0.6564076542854309
150000,train,40,58,0.6547655544416404,0.6511472463607788
150000,train,41,65,0.6693263356495955,0.6414946913719177
150000,train,42,61,0.7015669769700161,0.5767984390258789
150000,train,43,74,0.7164294858597555,0.60152268409729
150000,train,44,68,0.7403323961165938,0.5446850061416626
150000,train,45,60,0.7207786042431702,0.5916844606399536
150000,train,46,61,0.7232131881538525,0.5577183961868286
150000,train,47,71,0.7136238094027724,0.6098527908325195
150000,train,48,58,0.6942622404817792,0.6176519989967346
150000,train,49,54,0.6467095508005185,0.6809360980987549
150000,train,50,76,0.5967794708792615,0.7089628577232361
150000,train,mean,3000,0.7254632740996539,0.5748817920684814
150000,held_interior,15,974,0.7399784548101326,0.556696891784668
150000,held_interior,27,1061,0.6273606248991856,0.6858774423599243
150000,held_interior,38,965,0.6517546894626225,0.660077691078186
150000,held_interior,mean,3000,0.6730312563906469,0.6356378793716431
150000,held_high,52,986,0.40181788618140485,0.9008738398551941
150000,held_high,55,1002,0.153040819989269,1.1413813829421997
150000,held_high,58,1012,0.0569100982677134,1.227128505706787
150000,held_high,mean,3000,0.20392293481279575,1.0912599563598633
160000,train,1,63,0.8275492373304235,0.4727804660797119
160000,train,2,61,0.8384219705672193,0.40480780601501465
160000,train,3,62,0.8988682496571778,0.3622305393218994
160000,train,4,60,0.7012677941484929,0.6319332122802734
160000,train,5,63,0.7591671372953057,0.546931803226471
160000,train,6,65,0.7719702858064718,0.5064915418624878
160000,train,7,55,0.7476544853052612,0.5457513928413391
160000,train,8,62,0.7697051332305693,0.5582819581031799
160000,train,9,63,0.7600984772667031,0.553781270980835
160000,train,10,56,0.7394759585550684,0.5398755669593811
160000,train,11,70,0.753133306362964,0.5472450852394104
160000,train,12,66,0.7665855209766791,0.5349308848381042
160000,train,13,68,0.6990873292994655,0.5818294286727905
160000,train,14,69,0.6682690682947393,0.6483177542686462
160000,train,16,74,0.7448369474505314,0.5331960320472717
160000,train,17,73,0.7687409127368957,0.5276232957839966
160000,train,18,60,0.7213426096717043,0.5630064010620117
160000,train,19,69,0.6966863778714236,0.6016764044761658
160000,train,20,58,0.6966398759317308,0.6443868279457092
160000,train,21,75,0.7032315332204828,0.5843650102615356
160000,train,22,61,0.7096404606314921,0.5718272924423218
160000,train,23,57,0.7347003710878918,0.5728157162666321
160000,train,24,54,0.7293023642592222,0.571992814540863
160000,train,25,69,0.7109676116415633,0.6088755130767822
160000,train,26,61,0.6779571130890187,0.6547030210494995
160000,train,28,58,0.5794311802821801,0.7207817435264587
160000,train,29,55,0.65431066819541,0.6506033539772034
160000,train,30,69,0.7497045417500345,0.540794312953949
160000,train,31,72,0.7417202483294534,0.5743740797042847
160000,train,32,56,0.7697085541085974,0.5089505910873413
160000,train,33,65,0.7911201959551997,0.502835750579834
160000,train,34,64,0.7849783113127253,0.49070680141448975
160000,train,35,67,0.7802964879562057,0.500639796257019
160000,train,36,66,0.7064618773187851,0.6131457090377808
160000,train,37,70,0.6986475981272673,0.6139988899230957
160000,train,39,58,0.6933476495024755,0.6311116218566895
160000,train,40,58,0.6891017544216127,0.6143129467964172
160000,train,41,65,0.702645776003864,0.6054616570472717
160000,train,42,61,0.730061901668028,0.5506005883216858
160000,train,43,74,0.7502485665887332,0.5663796067237854
160000,train,44,68,0.772013851051244,0.5135907530784607
160000,train,45,60,0.7289754207324638,0.584785521030426
160000,train,46,61,0.7255874597209719,0.5566744804382324
160000,train,47,71,0.7199664534514868,0.6046940088272095
160000,train,48,58,0.6921530867881522,0.6210119128227234
160000,train,49,54,0.6468371642885019,0.6772139072418213
160000,train,50,76,0.5901235531288369,0.7117984890937805
160000,train,mean,3000,0.7296328177100154,0.5704159140586853
160000,held_interior,15,974,0.7408244817682765,0.556020975112915
160000,held_interior,27,1061,0.6053285871474221,0.7073760628700256
160000,held_interior,38,965,0.6735235914755469,0.6358892321586609
160000,held_interior,mean,3000,0.6732255534637485,0.6352411508560181
160000,held_high,52,986,0.3926946830473903,0.8985977172851562
160000,held_high,55,1002,0.14872712907081492,1.1228148937225342
160000,held_high,58,1012,0.056795895500130394,1.1989978551864624
160000,held_high,mean,3000,0.19940590253944523,1.0748212337493896
170000,train,1,63,0.8209801010901209,0.5015179514884949
170000,train,2,61,0.8324427816514406,0.41138726472854614
170000,train,3,62,0.8997656271485945,0.3589167892932892
170000,train,4,60,0.7193193274720674,0.6056278347969055
170000,train,5,63,0.757615372027299,0.5476025938987732
170000,train,6,65,0.7750708409841096,0.500433087348938
170000,train,7,55,0.7489936729340528,0.5409157276153564
170000,train,8,62,0.7793212627340549,0.5395205020904541
170000,train,9,63,0.7704986392708357,0.5381955504417419
170000,train,10,56,0.7407127882849583,0.5369687676429749
170000,train,11,70,0.7618362065981441,0.534866213798523
170000,train,12,66,0.7774765059409017,0.5193728804588318
170000,train,13,68,0.7164611450891071,0.5620707273483276
170000,train,14,69,0.6842596287169361,0.6284247636795044
170000,train,16,74,0.7613651810001264,0.5156843066215515
170000,train,17,73,0.7772174894533623,0.5155249834060669
170000,train,18,60,0.7444189191590597,0.5340242385864258
170000,train,19,69,0.709154081932286,0.5863050818443298
170000,train,20,58,0.6989297497673282,0.6408421993255615
170000,train,21,75,0.7023318665838567,0.5841946601867676
170000,train,22,61,0.7098364302495985,0.5695818662643433
170000,train,23,57,0.7394813972901204,0.5640978813171387
170000,train,24,54,0.7464122008378304,0.5483590364456177
170000,train,25,69,0.7372538335088092,0.5767847895622253
170000,train,26,61,0.7131743893323144,0.6116394400596619
170000,train,28,58,0.6108474550578439,0.6905676126480103
170000,train,29,55,0.6405455884433019,0.6671521067619324
170000,train,30,69,0.7498473995763542,0.5440428256988525
170000,train,31,72,0.7487388075699766,0.5697240829467773
170000,train,32,56,0.7824213353677941,0.49700263142585754
170000,train,33,65,0.8028119319389629,0.4862377643585205
170000,train,34,64,0.792001397594498,0.48111891746520996
170000,train,35,67,0.7911217435108019,0.484929621219635
170000,train,36,66,0.7171711813293706,0.6012834906578064
170000,train,37,70,0.6937058722731332,0.6199455261230469
170000,train,39,58,0.67502736321772,0.6500360369682312
170000,train,40,58,0.6591622881317514,0.6482666730880737
170000,train,41,65,0.6697849637490534,0.6403157114982605
170000,train,42,61,0.6920697021154483,0.5888758301734924
170000,train,43,74,0.7083429625858053,0.612537145614624
170000,train,44,68,0.7325335658038701,0.5515983700752258
170000,train,45,60,0.7002527461871026,0.6150060892105103
170000,train,46,61,0.7108887138741959,0.5709943175315857
170000,train,47,71,0.7030224218938803,0.6207884550094604
170000,train,48,58,0.6822444251960263,0.6329955458641052
170000,train,49,54,0.6462434876790643,0.6797335743904114
170000,train,50,76,0.6038899517887945,0.7000421285629272
170000,train,mean,3000,0.7305745690200438,0.5682977437973022
170000,held_interior,15,974,0.7464915711372089,0.549618124961853
170000,held_interior,27,1061,0.639717306464634,0.6727461814880371
170000,held_interior,38,965,0.662521595655414,0.6475324034690857
170000,held_interior,mean,3000,0.6829101577524189,0.6246601939201355
170000,held_high,52,986,0.43173251472697155,0.8718883395195007
170000,held_high,55,1002,0.1702513826900925,1.1209217309951782
170000,held_high,58,1012,0.060794485149311135,1.2201651334762573
170000,held_high,mean,3000,0.22092612752212507,1.0725507736206055
180000,train,1,63,0.8108028155313589,0.5085172057151794
180000,train,2,61,0.8129490191728825,0.4380083978176117
180000,train,3,62,0.885513457046049,0.3827461898326874
180000,train,4,60,0.6922348041739869,0.6404845118522644
180000,train,5,63,0.7397926669615187,0.5705417394638062
180000,train,6,65,0.7613824831656313,0.5177332758903503
180000,train,7,55,0.7335553907991325,0.559536337852478
180000,train,8,62,0.7662995398816707,0.5604751706123352
180000,train,9,63,0.7547683195885017,0.5600072741508484
180000,train,10,56,0.7417475189341654,0.5366249680519104
180000,train,11,70,0.7433168027654615,0.5572983622550964
180000,train,12,66,0.7651620348683865,0.5358227491378784
180000,train,13,68,0.689173247777879,0.5907852649688721
180000,train,14,69,0.6721965914626982,0.6418702006340027
180000,train,16,74,0.7490942219684052,0.5306029319763184
180000,train,17,73,0.7755249884698237,0.5176503658294678
180000,train,18,60,0.7300955397313242,0.5570191740989685
180000,train,19,69,0.6991733323564999,0.5969290137290955
180000,train,20,58,0.6980742753868823,0.6400696039199829
180000,train,21,75,0.7071065184421642,0.5807914137840271
180000,train,22,61,0.7166280294895789,0.5638200044631958
180000,train,23,57,0.7390793065224637,0.5669660568237305
180000,train,24,54,0.7438946505449475,0.5518321990966797
180000,train,25,69,0.7251781734065822,0.5908634066581726
180000,train,26,61,0.7006982182941625,0.6284146904945374
180000,train,28,58,0.6070148912767679,0.6960145235061646
180000,train,29,55,0.6712566059882106,0.6337372660636902
180000,train,30,69,0.7694040255729919,0.5202133655548096
180000,train,31,72,0.7586895140821122,0.5570388436317444
180000,train,32,56,0.7822176852240538,0.49818071722984314
180000,train,33,65,0.8019464415017975,0.48872289061546326
180000,train,34,64,0.7918020528019862,0.48327329754829407
180000,train,35,67,0.7851748605540616,0.49220776557922363
180000,train,36,66,0.7080975457983539,0.6119397282600403
180000,train,37,70,0.6819396434649881,0.633292019367218
180000,train,39,58,0.6750309808974712,0.6521866321563721
180000,train,40,58,0.6686334041383919,0.6381602883338928
180000,train,41,65,0.6880551050628113,0.6207160353660583
180000,train,42,61,0.7074180368744936,0.5735462307929993
180000,train,43,74,0.7258957497793652,0.5921574234962463
180000,train,44,68,0.7494534343092794,0.534657895565033
180000,train,45,60,0.7164294706981729,0.59393709897995
180000,train,46,61,0.7241854218233231,0.5557917952537537
180000,train,47,71,0.7140789041235116,0.6094809770584106
180000,train,48,58,0.6975308687770024,0.6148677468299866
180000,train,49,54,0.6534782361581343,0.6707518696784973
180000,train,50,76,0.6121234731780907,0.6911316514015198
180000,train,mean,3000,0.7285808148686708,0.5717499256134033
180000,held_interior,15,974,0.7464109036254124,0.5497113466262817
180000,held_interior,27,1061,0.6281538774397144,0.6840969920158386
180000,held_interior,38,965,0.65690954105952,0.6536460518836975
180000,held_interior,mean,3000,0.6771581073748822,0.6306713819503784
180000,held_high,52,986,0.42798836014814734,0.8750985264778137
180000,held_high,55,1002,0.1660416734549648,1.126837968826294
180000,held_high,58,1012,0.061941167412520606,1.219863772392273
180000,held_high,mean,3000,0.21865706700521093,1.0754802227020264
190000,train,1,63,0.8225031135500415,0.4871145486831665
190000,train,2,61,0.844529407276067,0.39428606629371643
190000,train,3,62,0.8967910156223946,0.3645208477973938
190000,train,4,60,0.7035401607384787,0.6272661685943604
190000,train,5,63,0.7509852295043689,0.5585031509399414
190000,train,6,65,0.7763524100907252,0.5013829469680786
190000,train,7,55,0.7513816599395773,0.5392290353775024
190000,train,8,62,0.7618172764738756,0.567013144493103
190000,train,9,63,0.7657936367145681,0.5448155403137207
190000,train,10,56,0.7359400958849937,0.5453781485557556
190000,train,11,70,0.7507415198110446,0.547592282295227
190000,train,12,66,0.7741599383277388,0.5243650674819946
190000,train,13,68,0.7103432871214365,0.5690230131149292
190000,train,14,69,0.6849995208959831,0.6304717063903809
190000,train,16,74,0.7470865763846467,0.5307653546333313
190000,train,17,73,0.7786015671514177,0.5141149759292603
190000,train,18,60,0.7481377493716317,0.5319321155548096
190000,train,19,69,0.7106224699843282,0.5863406658172607
190000,train,20,58,0.7083676908632486,0.6286543011665344
190000,train,21,75,0.7055232258062776,0.582427442073822
190000,train,22,61,0.7188086776287219,0.5590386986732483
190000,train,23,57,0.7353235593772255,0.5698949694633484
190000,train,24,54,0.7444012359404939,0.552582323551178
190000,train,25,69,0.7275488736354273,0.5918139815330505
190000,train,26,61,0.7106434100443474,0.6156213879585266
190000,train,28,58,0.6246495224379781,0.6733965873718262
190000,train,29,55,0.6642521786560726,0.642953634262085
190000,train,30,69,0.7527112467306019,0.5373199582099915
190000,train,31,72,0.73997113058809,0.5778061747550964
190000,train,32,56,0.7723547640219572,0.5049382448196411
190000,train,33,65,0.7915083647582626,0.5027249455451965
190000,train,34,64,0.7850230335363675,0.49211135506629944
190000,train,35,67,0.7870488395158657,0.49209538102149963
190000,train,36,66,0.7210742169503328,0.5969061255455017
190000,train,37,70,0.699663503414794,0.610480785369873
190000,train,39,58,0.6855631798357347,0.637857973575592
190000,train,40,58,0.6705685744249857,0.6326821446418762
190000,train,41,65,0.6794681682662451,0.6298453211784363
190000,train,42,61,0.6968595112931738,0.584851861000061
190000,train,43,74,0.7084655798190244,0.614113986492157
190000,train,44,68,0.7265236000567689,0.5630072951316833
190000,train,45,60,0.6932738814711882,0.6244857907295227
190000,train,46,61,0.6912335008338238,0.5930314660072327
190000,train,47,71,0.683825886352858,0.6446662545204163
190000,train,48,58,0.6537189432985968,0.6640180945396423
190000,train,49,54,0.6137138170910825,0.7150210738182068
190000,train,50,76,0.5665699562587839,0.7336745858192444
190000,train,mean,3000,0.7270847810159926,0.5728939175605774
190000,held_interior,15,974,0.7379331082347135,0.5590365529060364
190000,held_interior,27,1061,0.6480842266463253,0.6619539260864258
190000,held_interior,38,965,0.669075683247304,0.6400376558303833
190000,held_interior,mean,3000,0.6850310060427809,0.6214902997016907
190000,held_high,52,986,0.3932389480529382,0.8986579179763794
190000,held_high,55,1002,0.15128071996489795,1.1221634149551392
190000,held_high,58,1012,0.05599315480545373,1.2052332162857056
190000,held_high,mean,3000,0.20017094094109664,1.0767269134521484
200000,train,1,63,0.8356551666237927,0.46318888664245605
200000,train,2,61,0.8407009042016128,0.39925748109817505
200000,train,3,62,0.8993837924470447,0.35965701937675476
200000,train,4,60,0.708249289344005,0.6214849352836609
200000,train,5,63,0.7561055553729987,0.5492200255393982
200000,train,6,65,0.7747127369127655,0.5005911588668823
200000,train,7,55,0.7444266017057826,0.5449336171150208
200000,train,8,62,0.7633875076129338,0.5650715827941895
200000,train,9,63,0.7648140873281909,0.5466449856758118
200000,train,10,56,0.7387836254209805,0.5414955019950867
200000,train,11,70,0.754254395180176,0.5413609147071838
200000,train,12,66,0.7660254255370458,0.5340934991836548
200000,train,13,68,0.7021462091698778,0.5776404738426208
200000,train,14,69,0.6705729221596416,0.6440451145172119
200000,train,16,74,0.7431070654722478,0.536565363407135
200000,train,17,73,0.7682320807838832,0.5263543128967285
200000,train,18,60,0.7236397304940262,0.5602465867996216
200000,train,19,69,0.7033513738942062,0.5933256149291992
200000,train,20,58,0.7070094800788016,0.6311865448951721
200000,train,21,75,0.7128800294996416,0.57289057970047
200000,train,22,61,0.7230290736677552,0.5548290014266968
200000,train,23,57,0.7518884427737119,0.5488168597221375
200000,train,24,54,0.7603122049765495,0.5329827666282654
200000,train,25,69,0.7390507078410388,0.5746263265609741
200000,train,26,61,0.7104017067758625,0.6171056032180786
200000,train,28,58,0.61816352247939,0.6834070682525635
200000,train,29,55,0.6815951903678019,0.623165488243103
200000,train,30,69,0.7655815324681147,0.5237680673599243
200000,train,31,72,0.7495810937396244,0.566619873046875
200000,train,32,56,0.7692770058971583,0.512158989906311
200000,train,33,65,0.8051597236237426,0.48281896114349365
200000,train,34,64,0.7869651350551121,0.4897337257862091
200000,train,35,67,0.7749497491550579,0.5056073665618896
200000,train,36,66,0.7090837094539153,0.611345648765564
200000,train,37,70,0.694691432063001,0.6198351979255676
200000,train,39,58,0.6792705332737154,0.6455755829811096
200000,train,40,58,0.6685366420916686,0.6371194124221802
200000,train,41,65,0.6770341058863215,0.6325014233589172
200000,train,42,61,0.6965660639866044,0.5832198858261108
200000,train,43,74,0.7186256432764248,0.6014894247055054
200000,train,44,68,0.7313330979931167,0.5549013614654541
200000,train,45,60,0.7048385845710503,0.6089159846305847
200000,train,46,61,0.7048076470488869,0.5769657492637634
200000,train,47,71,0.7015628383321152,0.6256564855575562
200000,train,48,58,0.6727142051538642,0.6431370377540588
200000,train,49,54,0.6290634848895554,0.6990951895713806
200000,train,50,76,0.5861352161666791,0.7178817391395569
200000,train,mean,3000,0.7295246015371808,0.5697720646858215
200000,held_interior,15,974,0.7432141889817108,0.5531160831451416
200000,held_interior,27,1061,0.647480992954228,0.6635134816169739
200000,held_interior,38,965,0.6672923958090112,0.6422696113586426
200000,held_interior,mean,3000,0.6859958592483166,0.6208376884460449
200000,held_high,52,986,0.40300809572509877,0.8972805738449097
200000,held_high,55,1002,0.15216429880681284,1.1366651058197021
200000,held_high,58,1012,0.05601563404967918,1.220103144645691
200000,held_high,mean,3000,0.20372934286053024,1.0861338376998901
210000,train,1,63,0.8222388771460024,0.48120227456092834
210000,train,2,61,0.8486317601823031,0.39004477858543396
210000,train,3,62,0.8968315198799113,0.3624667525291443
210000,train,4,60,0.7178092108658208,0.6089497208595276
210000,train,5,63,0.7689330602071908,0.5330086350440979
210000,train,6,65,0.7840690538993749,0.4908512234687805
210000,train,7,55,0.761764926317289,0.5275449752807617
210000,train,8,62,0.7775871950299864,0.5420975685119629
210000,train,9,63,0.7843061874705136,0.5207358002662659
210000,train,10,56,0.7438376907873132,0.5338652729988098
210000,train,11,70,0.7730053756221873,0.5216200947761536
210000,train,12,66,0.7895120426048654,0.5044445395469666
210000,train,13,68,0.7252019649900049,0.5531121492385864
210000,train,14,69,0.6880855853874649,0.6258389949798584
210000,train,16,74,0.753885881929725,0.5222083330154419
210000,train,17,73,0.786820346372629,0.503791093826294
210000,train,18,60,0.7537005995740799,0.5252721905708313
210000,train,19,69,0.7091217509819306,0.5869851112365723
210000,train,20,58,0.7039801851611119,0.6363189220428467
210000,train,21,75,0.7103783124376143,0.5772427320480347
210000,train,22,61,0.7190886724856245,0.5602566599845886
210000,train,23,57,0.742176854057199,0.5621212124824524
210000,train,24,54,0.740638261739953,0.5563805103302002
210000,train,25,69,0.7296302473295061,0.5853807926177979
210000,train,26,61,0.7115773438855455,0.6126986145973206
210000,train,28,58,0.6186174715719538,0.6828134655952454
210000,train,29,55,0.638356732840717,0.6710058450698853
210000,train,30,69,0.7420566158133606,0.5518572330474854
210000,train,31,72,0.741286398575076,0.576857328414917
210000,train,32,56,0.7708050879556798,0.509264349937439
210000,train,33,65,0.8129911116571599,0.47287946939468384
210000,train,34,64,0.7987533944000978,0.47418835759162903
210000,train,35,67,0.7965105621162764,0.4781785011291504
210000,train,36,66,0.7264832051644285,0.590608537197113
210000,train,37,70,0.6978897428667318,0.6147071123123169
210000,train,39,58,0.667242626878716,0.6606525778770447
210000,train,40,58,0.6528011008320009,0.6545863151550293
210000,train,41,65,0.6621981056702082,0.6490784883499146
210000,train,42,61,0.6844149432967581,0.5978482365608215
210000,train,43,74,0.6948709247573261,0.6315888166427612
210000,train,44,68,0.7165537555209661,0.5722479820251465
210000,train,45,60,0.6773440408424329,0.6401697397232056
210000,train,46,61,0.679928496420795,0.6037506461143494
210000,train,47,71,0.6641882101247866,0.6672134399414062
210000,train,48,58,0.6345316520140204,0.6849215030670166
210000,train,49,54,0.5954569996105582,0.7319240570068359
210000,train,50,76,0.5441872537419339,0.7591118812561035
210000,train,mean,3000,0.7268144965748324,0.5720385909080505
210000,held_interior,15,974,0.7429906551008245,0.5539230108261108
210000,held_interior,27,1061,0.6445536830372549,0.6663469076156616
210000,held_interior,38,965,0.6523792982331071,0.6585306525230408
210000,held_interior,mean,3000,0.6799745454570623,0.627332329750061
210000,held_high,52,986,0.36480763150759654,0.9270647764205933
210000,held_high,55,1002,0.13513229013067612,1.1410051584243774
210000,held_high,58,1012,0.044368854651405644,1.2221535444259644
210000,held_high,mean,3000,0.1814362587632261,1.0980641841888428
220000,train,1,63,0.8291007995673451,0.4748070240020752
220000,train,2,61,0.8589401044755568,0.3740500211715698
220000,train,3,62,0.903471019743526,0.35234370827674866
220000,train,4,60,0.7385121881139616,0.5831270217895508
220000,train,5,63,0.7678332687510315,0.5340301394462585
220000,train,6,65,0.7791811846015042,0.4968714714050293
220000,train,7,55,0.7487752708093989,0.5415419936180115
220000,train,8,62,0.7796404634311128,0.5437160134315491
220000,train,9,63,0.7756883616199214,0.5317233204841614
220000,train,10,56,0.7497435392961943,0.5290345549583435
220000,train,11,70,0.7592033974117398,0.5377823114395142
220000,train,12,66,0.7710548296489805,0.5284098982810974
220000,train,13,68,0.7066082444167969,0.5729910731315613
220000,train,14,69,0.6687015689938882,0.645296037197113
220000,train,16,74,0.7615518450419839,0.5162352323532104
220000,train,17,73,0.7803466457347764,0.5102576017379761
220000,train,18,60,0.7301475994161312,0.552741289138794
220000,train,19,69,0.7084045974639285,0.5857438445091248
220000,train,20,58,0.7116458815163348,0.6256592869758606
220000,train,21,75,0.711249737392999,0.5747054815292358
220000,train,22,61,0.7174754867872613,0.5593180656433105
220000,train,23,57,0.7476548844072836,0.5549111366271973
220000,train,24,54,0.7495604667940551,0.5464611053466797
220000,train,25,69,0.7370752362769111,0.5789117217063904
220000,train,26,61,0.7072488039497322,0.6212137937545776
220000,train,28,58,0.6100314747141947,0.6892006993293762
220000,train,29,55,0.6615332271103832,0.6443974375724792
220000,train,30,69,0.765203505290147,0.5218003988265991
220000,train,31,72,0.7627614772703027,0.5488577485084534
220000,train,32,56,0.792581024428489,0.48519399762153625
220000,train,33,65,0.8063835154946053,0.48279786109924316
220000,train,34,64,0.7926086747293657,0.48246049880981445
220000,train,35,67,0.7866251161059915,0.49176913499832153
220000,train,36,66,0.7016835003470668,0.6214456558227539
220000,train,37,70,0.6873971867564056,0.6274974346160889
220000,train,39,58,0.6726013008639602,0.6522886157035828
220000,train,40,58,0.6513553278045822,0.6544482111930847
220000,train,41,65,0.6638264046880863,0.6486209034919739
220000,train,42,61,0.6869173131401584,0.5932774543762207
220000,train,43,74,0.6966832853149917,0.6269128322601318
220000,train,44,68,0.7195863591428953,0.5666979551315308
220000,train,45,60,0.6959025741296258,0.620789110660553
220000,train,46,61,0.6926361049641172,0.5914860963821411
220000,train,47,71,0.6853316942879573,0.6446884870529175
220000,train,48,58,0.6599657359713386,0.657041072845459
220000,train,49,54,0.6249606199797756,0.7054300904273987
220000,train,50,76,0.5786177819419842,0.7240158915519714
220000,train,mean,3000,0.7296597580880593,0.5691007375717163
220000,held_interior,15,974,0.7481774013883994,0.5468626022338867
220000,held_interior,27,1061,0.6390195396588185,0.6733837723731995
220000,held_interior,38,965,0.6589638571309268,0.6515138745307922
220000,held_interior,mean,3000,0.6820535993927148,0.625271737575531
220000,held_high,52,986,0.39909612838346153,0.9016775488853455
220000,held_high,55,1002,0.14689496716482522,1.1425926685333252
220000,held_high,58,1012,0.052804761472132276,1.2262202501296997
220000,held_high,mean,3000,0.19959861900680634,1.0916221141815186
230000,train,1,63,0.8291796537083618,0.47301968932151794
230000,train,2,61,0.8563870637768128,0.37841498851776123
230000,train,3,62,0.9030375382332486,0.3545639216899872
230000,train,4,60,0.738410364914251,0.5827431082725525
230000,train,5,63,0.7758492503916803,0.5259336233139038
230000,train,6,65,0.7919545911213439,0.4816317856311798
230000,train,7,55,0.7602200180067912,0.529158353805542
230000,train,8,62,0.7810947441878241,0.541847288608551
230000,train,9,63,0.781553203958613,0.525111973285675
230000,train,10,56,0.7542977235609669,0.5238439440727234
230000,train,11,70,0.763216172369731,0.5329422950744629
230000,train,12,66,0.7775406324307408,0.5209634304046631
230000,train,13,68,0.7237264050444273,0.555549144744873
230000,train,14,69,0.6745026908224454,0.6404971480369568
230000,train,16,74,0.76431156847131,0.5110939741134644
230000,train,17,73,0.7814189440589544,0.5099867582321167
230000,train,18,60,0.7437714055326533,0.5376445651054382
230000,train,19,69,0.7157252883738118,0.5806652903556824
230000,train,20,58,0.707522862719726,0.6305529475212097
230000,train,21,75,0.7027083184284596,0.5850238800048828
230000,train,22,61,0.7104658271223835,0.5683760643005371
230000,train,23,57,0.7318033912756319,0.5715500712394714
230000,train,24,54,0.7427778078198906,0.5527967810630798
230000,train,25,69,0.7259506872187119,0.5922489166259766
230000,train,26,61,0.7074203404979645,0.6197813749313354
230000,train,28,58,0.6024234046497411,0.6973300576210022
230000,train,29,55,0.6292858609635128,0.6815283298492432
230000,train,30,69,0.7655591768562834,0.5215116739273071
230000,train,31,72,0.7584267825559601,0.5541192293167114
230000,train,32,56,0.7799938884446835,0.49800342321395874
230000,train,33,65,0.8064476698453359,0.4808746874332428
230000,train,34,64,0.7848371261758712,0.4910333752632141
230000,train,35,67,0.7857240227717215,0.4927189350128174
230000,train,36,66,0.7114728042923643,0.6071173548698425
230000,train,37,70,0.6953253960395791,0.6168156266212463
230000,train,39,58,0.6742622219448378,0.6498433351516724
230000,train,40,58,0.6575811466777979,0.6476712822914124
230000,train,41,65,0.6597581567371383,0.6513920426368713
230000,train,42,61,0.6794258176827098,0.602812647819519
230000,train,43,74,0.6931730131385888,0.6307980418205261
230000,train,44,68,0.7081130808974008,0.5795490741729736
230000,train,45,60,0.6754488048548171,0.642142117023468
230000,train,46,61,0.6804103683821064,0.6043094992637634
230000,train,47,71,0.6685402023780557,0.6646242737770081
230000,train,48,58,0.6412113112618782,0.6801980137825012
230000,train,49,54,0.6042493107306012,0.7257068157196045
230000,train,50,76,0.5655446808379428,0.7373000979423523
230000,train,mean,3000,0.7270651221737376,0.5716646909713745
230000,held_interior,15,974,0.7528863551093303,0.5409526228904724
230000,held_interior,27,1061,0.6349505873752967,0.6765972375869751
230000,held_interior,38,965,0.6658384052825184,0.6433298587799072
230000,held_interior,mean,3000,0.6845584492557152,0.6218568682670593
230000,held_high,52,986,0.39172888087839886,0.9048105478286743
230000,held_high,55,1002,0.15531163101164047,1.1282126903533936
230000,held_high,58,1012,0.048054840934065826,1.2220780849456787
230000,held_high,mean,3000,0.19836511760803507,1.086451768875122
240000,train,1,63,0.8290454698729858,0.489105224609375
240000,train,2,61,0.8403652858484976,0.4022567570209503
240000,train,3,62,0.8914489704839594,0.3722135126590729
240000,train,4,60,0.7243746227568109,0.6048439145088196
240000,train,5,63,0.7550661316735724,0.5528612732887268
240000,train,6,65,0.7670955293368554,0.5111129879951477
240000,train,7,55,0.7508637765843075,0.5409117937088013
240000,train,8,62,0.7765029009230406,0.5471533536911011
240000,train,9,63,0.7664508200004948,0.5471445918083191
240000,train,10,56,0.7427122940790659,0.5367327928543091
240000,train,11,70,0.7562214911042444,0.542455792427063
240000,train,12,66,0.767625803085066,0.534446120262146
240000,train,13,68,0.7056799015902889,0.5744470357894897
240000,train,14,69,0.6609028166991131,0.6539273262023926
240000,train,16,74,0.7555725146981666,0.5223618745803833
240000,train,17,73,0.7715877214189416,0.522965133190155
240000,train,18,60,0.7196964130544363,0.5666301846504211
240000,train,19,69,0.6974353916747497,0.5999457836151123
240000,train,20,58,0.6899932847904973,0.653112530708313
240000,train,21,75,0.6914680046805266,0.5968228578567505
240000,train,22,61,0.702940852802732,0.5780373215675354
240000,train,23,57,0.7277963778651232,0.5781466960906982
240000,train,24,54,0.7346676518628428,0.5656542181968689
240000,train,25,69,0.7310919402209394,0.5858848690986633
240000,train,26,61,0.6983718256494595,0.6310374736785889
240000,train,28,58,0.5960481808581161,0.703768253326416
240000,train,29,55,0.6556551687165227,0.6488322615623474
240000,train,30,69,0.7591703319003632,0.5284116864204407
240000,train,31,72,0.7532935091702667,0.5616652965545654
240000,train,32,56,0.7825033469146387,0.4962499439716339
240000,train,33,65,0.796831157760915,0.49520614743232727
240000,train,34,64,0.7821580336696607,0.4958614706993103
240000,train,35,67,0.7752083140515963,0.5055436491966248
240000,train,36,66,0.693464133984255,0.6300428509712219
240000,train,37,70,0.6769829789411874,0.6404151320457458
240000,train,39,58,0.6743151069402102,0.6511335968971252
240000,train,40,58,0.6549274191479377,0.6498313546180725
240000,train,41,65,0.6737162016122646,0.638947069644928
240000,train,42,61,0.703322041958801,0.5784097909927368
240000,train,43,74,0.7276547971466527,0.5911625623703003
240000,train,44,68,0.7452212804733096,0.5441585183143616
240000,train,45,60,0.7159496540051228,0.5995572805404663
240000,train,46,61,0.7156552362948715,0.5673382878303528
240000,train,47,71,0.7124848031005383,0.6120181679725647
240000,train,48,58,0.695655344612939,0.6153250336647034
240000,train,49,54,0.6676954833201862,0.6540191173553467
240000,train,50,76,0.6211157146979754,0.6814755797386169
240000,train,mean,3000,0.7283831070645754,0.572067141532898
240000,held_interior,15,974,0.7448407146087487,0.5508438944816589
240000,held_interior,27,1061,0.6189305579987182,0.6928538680076599
240000,held_interior,38,965,0.6569422332846095,0.6536844968795776
240000,held_interior,mean,3000,0.6735711686306921,0.6341485381126404
240000,held_high,52,986,0.442474861424142,0.8556100130081177
240000,held_high,55,1002,0.17559517252650217,1.1000899076461792
240000,held_high,58,1012,0.0617584959527938,1.1979769468307495
240000,held_high,mean,3000,0.22660950996781268,1.0527580976486206
250000,train,1,63,0.8180027148003657,0.49064183235168457
250000,train,2,61,0.8370817819667209,0.4029891788959503
250000,train,3,62,0.8986514802438686,0.35914623737335205
250000,train,4,60,0.7240129156545938,0.6020561456680298
250000,train,5,63,0.758546752375473,0.5482894778251648
250000,train,6,65,0.7758914576064986,0.5009819865226746
250000,train,7,55,0.7525420411226238,0.538606584072113
250000,train,8,62,0.7740948858511054,0.5474816560745239
250000,train,9,63,0.7650739169785815,0.5481155514717102
250000,train,10,56,0.7489018922834615,0.5285682082176208
250000,train,11,70,0.7661489572744784,0.5302521586418152
250000,train,12,66,0.7779355029813815,0.5204875469207764
250000,train,13,68,0.7198907089791915,0.5573384165763855
250000,train,14,69,0.6892502083151174,0.6244726181030273
250000,train,16,74,0.7654335988102525,0.5109954476356506
250000,train,17,73,0.7877978838994998,0.5021274089813232
250000,train,18,60,0.7450494109710318,0.5368832945823669
250000,train,19,69,0.7179690169680977,0.5773305296897888
250000,train,20,58,0.7070045750426414,0.6282970905303955
250000,train,21,75,0.7083561189425797,0.5785828232765198
250000,train,22,61,0.7215947715127914,0.5593550801277161
250000,train,23,57,0.7499871878166068,0.5516873598098755
250000,train,24,54,0.7593822262157195,0.5333276391029358
250000,train,25,69,0.7446311213073858,0.567555844783783
250000,train,26,61,0.729444344528393,0.5917690992355347
250000,train,28,58,0.629117835494331,0.6722774505615234
250000,train,29,55,0.6639268428242683,0.6405407786369324
250000,train,30,69,0.7629971657676875,0.5259410738945007
250000,train,31,72,0.7557669686263175,0.5603237748146057
250000,train,32,56,0.7915966619006622,0.484688937664032
250000,train,33,65,0.8123669901708974,0.4741944670677185
250000,train,34,64,0.7953160570806495,0.4781578481197357
250000,train,35,67,0.7956912689609368,0.4794915020465851
250000,train,36,66,0.709833428526715,0.6104974746704102
250000,train,37,70,0.6866281684004538,0.6291419267654419
250000,train,39,58,0.6591223373609911,0.6691190600395203
250000,train,40,58,0.6374523896036564,0.6707331538200378
250000,train,41,65,0.6531956772731821,0.6589927077293396
250000,train,42,61,0.6728763232390483,0.6100684404373169
250000,train,43,74,0.691403221825928,0.6341783404350281
250000,train,44,68,0.7042249574157311,0.5848149657249451
250000,train,45,60,0.6828329381354565,0.6356692910194397
250000,train,46,61,0.6929953411870893,0.5892395377159119
250000,train,47,71,0.6783111469123285,0.6510727405548096
250000,train,48,58,0.6602024316796843,0.6564089059829712
250000,train,49,54,0.6185155214357033,0.7099994421005249
250000,train,50,76,0.5728172423777067,0.7305113673210144
250000,train,mean,3000,0.7291460933754871,0.5699005722999573
250000,held_interior,15,974,0.7490782534950963,0.5470901131629944
250000,held_interior,27,1061,0.6608341411348438,0.6491793990135193
250000,held_interior,38,965,0.6501084519205269,0.6615015268325806
250000,held_interior,mean,3000,0.6866736155168223,0.619998037815094
250000,held_high,52,986,0.3918651427863188,0.9080985188484192
250000,held_high,55,1002,0.14715289378447258,1.142719030380249
250000,held_high,58,1012,0.05273169608073224,1.2281858921051025
250000,held_high,mean,3000,0.19724991088384122,1.094437837600708
260000,train,1,63,0.8351642243290824,0.4667399823665619
260000,train,2,61,0.8611442756685442,0.3731273412704468
260000,train,3,62,0.9037986472139169,0.3536743223667145
260000,train,4,60,0.7469785522699817,0.573695719242096
260000,train,5,63,0.7758756929681455,0.5247123837471008
260000,train,6,65,0.7890454376764316,0.484703004360199
260000,train,7,55,0.7656399041009446,0.5214402675628662
260000,train,8,62,0.784410357610977,0.5365391969680786
260000,train,9,63,0.7796478963199014,0.5267349481582642
260000,train,10,56,0.7497700418292043,0.52986079454422
260000,train,11,70,0.7686334259938131,0.5255007743835449
260000,train,12,66,0.7780212206341696,0.5193486213684082
260000,train,13,68,0.7176779308273652,0.5612396597862244
260000,train,14,69,0.6761366904952238,0.6387447714805603
260000,train,16,74,0.7647614398908126,0.5103574395179749
260000,train,17,73,0.7864618627714731,0.5032005906105042
260000,train,18,60,0.7360792728052358,0.546191394329071
260000,train,19,69,0.7010335237432272,0.5939697623252869
260000,train,20,58,0.7032526510289276,0.6363507509231567
260000,train,21,75,0.7024155770333751,0.5844281911849976
260000,train,22,61,0.716270843522435,0.5599148869514465
260000,train,23,57,0.7425146566686021,0.5608436465263367
260000,train,24,54,0.7475568922817046,0.545512855052948
260000,train,25,69,0.7276109233940745,0.5890841484069824
260000,train,26,61,0.6937248929892331,0.6358044743537903
260000,train,28,58,0.5812696668365467,0.7201562523841858
260000,train,29,55,0.6217347682379998,0.691360592842102
260000,train,30,69,0.7413420285508198,0.5562849044799805
260000,train,31,72,0.731009347789869,0.5906710028648376
260000,train,32,56,0.7633548740208373,0.5188866853713989
260000,train,33,65,0.7925020708286584,0.5008242130279541
260000,train,34,64,0.7767125990716855,0.5033499002456665
260000,train,35,67,0.7635679715424799,0.5226832628250122
260000,train,36,66,0.682191659665723,0.6421334147453308
260000,train,37,70,0.6703552278766193,0.6469921469688416
260000,train,39,58,0.6647730105149477,0.6606250405311584
260000,train,40,58,0.6487095052480627,0.6588472127914429
260000,train,41,65,0.6678296643720023,0.6430489420890808
260000,train,42,61,0.6922298512910137,0.5866281390190125
260000,train,43,74,0.7215640277998846,0.5969479084014893
260000,train,44,68,0.7432262919987094,0.5429361462593079
260000,train,45,60,0.7092684083639997,0.6051784753799438
260000,train,46,61,0.7177380353151254,0.5657005906105042
260000,train,47,71,0.7141496004341766,0.6099530458450317
260000,train,48,58,0.6910423150590997,0.6215476393699646
260000,train,49,54,0.6483631810199102,0.6792826652526855
260000,train,50,76,0.5942289713143915,0.705664336681366
260000,train,mean,3000,0.7295912747067951,0.5693665146827698
260000,held_interior,15,974,0.7490882351210159,0.5461114048957825
260000,held_interior,27,1061,0.612910224382976,0.7008496522903442
260000,held_interior,38,965,0.6428243237759481,0.6690243482589722
260000,held_interior,mean,3000,0.6682742610933134,0.6403741240501404
260000,held_high,52,986,0.4040826334637652,0.8946318626403809
260000,held_high,55,1002,0.154672045617092,1.130815029144287
260000,held_high,58,1012,0.0487810732281407,1.223266363143921
260000,held_high,mean,3000,0.20251191743633265,1.084376335144043
270000,train,1,63,0.8279286282457278,0.47290387749671936
270000,train,2,61,0.8372991195223202,0.4036378264427185
270000,train,3,62,0.9030508329196951,0.35572564601898193
270000,train,4,60,0.7352767058933666,0.5918668508529663
270000,train,5,63,0.779229924787432,0.5249443650245667
270000,train,6,65,0.7910990762043232,0.48599231243133545
270000,train,7,55,0.7630583710312608,0.528174638748169
270000,train,8,62,0.7857486725493481,0.5364883542060852
270000,train,9,63,0.772919609271671,0.5390742421150208
270000,train,10,56,0.7547508137427134,0.5259593725204468
270000,train,11,70,0.7598935882920133,0.5375339984893799
270000,train,12,66,0.7706781822880742,0.5312855839729309
270000,train,13,68,0.7018189287388935,0.5808841586112976
270000,train,14,69,0.6575201634612777,0.6592070460319519
270000,train,16,74,0.7527585854272425,0.5252101421356201
270000,train,17,73,0.7737158373796211,0.5213778018951416
270000,train,18,60,0.7231718571517495,0.562860906124115
270000,train,19,69,0.7044233410028216,0.5921021103858948
270000,train,20,58,0.6878711870177967,0.6562612056732178
270000,train,21,75,0.6872741839857118,0.6016536355018616
270000,train,22,61,0.6942890710782554,0.5859120488166809
270000,train,23,57,0.7205812395057467,0.5868041515350342
270000,train,24,54,0.7279061131639566,0.5735881328582764
270000,train,25,69,0.716507307459516,0.6058644652366638
270000,train,26,61,0.6827649098742444,0.6500944495201111
270000,train,28,58,0.6004838999028206,0.6974168419837952
270000,train,29,55,0.6707067554534527,0.6330261826515198
270000,train,30,69,0.7623213091237324,0.5248662233352661
270000,train,31,72,0.7568408520498248,0.5553282499313354
270000,train,32,56,0.7819506828651358,0.49300506711006165
270000,train,33,65,0.8039058965051683,0.4856101870536804
270000,train,34,64,0.7974445558502954,0.4778401553630829
270000,train,35,67,0.7880266639565982,0.4913233816623688
270000,train,36,66,0.7172732852825581,0.602186381816864
270000,train,37,70,0.7046137065653344,0.606981635093689
270000,train,39,58,0.6957413429599851,0.6288226842880249
270000,train,40,58,0.667498532523533,0.6352642774581909
270000,train,41,65,0.6741203635377954,0.6379551291465759
270000,train,42,61,0.6917607310106609,0.5896391272544861
270000,train,43,74,0.7037609202773851,0.6201233863830566
270000,train,44,68,0.7196510590594639,0.5726236701011658
270000,train,45,60,0.6911175333560589,0.6277264952659607
270000,train,46,61,0.6944640005773175,0.5899638533592224
270000,train,47,71,0.6832242739486811,0.6459721922874451
270000,train,48,58,0.6540320465793379,0.6630196571350098
270000,train,49,54,0.6209073065026856,0.7056914567947388
270000,train,50,76,0.5762331941721534,0.7236338257789612
270000,train,mean,3000,0.7269705353628672,0.5731455087661743
270000,held_interior,15,974,0.7470868903104128,0.5485244393348694
270000,held_interior,27,1061,0.6161906568487434,0.6947969198226929
270000,held_interior,38,965,0.68192840197121,0.6267361640930176
270000,held_interior,mean,3000,0.6817353163767889,0.625414252281189
270000,held_high,52,986,0.3864720312859473,0.8988392949104309
270000,held_high,55,1002,0.13617815143240194,1.1225389242172241
270000,held_high,58,1012,0.04239610862828952,1.2009003162384033
270000,held_high,mean,3000,0.1883487637822129,1.0754501819610596
280000,train,1,63,0.8273640530995069,0.4703114330768585
280000,train,2,61,0.8464491946156324,0.3887593150138855
280000,train,3,62,0.8969553570879548,0.36281195282936096
280000,train,4,60,0.7186609514975365,0.6095095276832581
280000,train,5,63,0.7709924776487883,0.531726598739624
280000,train,6,65,0.7819616363213749,0.4943876266479492
280000,train,7,55,0.7660007624205675,0.5212404131889343
280000,train,8,62,0.7823487645167229,0.540476381778717
280000,train,9,63,0.7764649257617604,0.5320830345153809
280000,train,10,56,0.7439325957224039,0.5358909368515015
280000,train,11,70,0.7614124345183265,0.5347579121589661
280000,train,12,66,0.7829114273307577,0.5142529606819153
280000,train,13,68,0.705564604167255,0.5759868025779724
280000,train,14,69,0.6776371962626858,0.6363988518714905
280000,train,16,74,0.7581533959097683,0.5179705619812012
280000,train,17,73,0.7766345053135513,0.5165683031082153
280000,train,18,60,0.7433367105652526,0.5399837493896484
280000,train,19,69,0.7106630558313747,0.5849387049674988
280000,train,20,58,0.7097473377175679,0.6306945085525513
280000,train,21,75,0.7137710777342544,0.574577808380127
280000,train,22,61,0.7224679664070452,0.556418240070343
280000,train,23,57,0.751230857022156,0.5509006977081299
280000,train,24,54,0.7544572748232257,0.5427916049957275
280000,train,25,69,0.7374388105041073,0.5779885649681091
280000,train,26,61,0.7028118313145133,0.6276834011077881
280000,train,28,58,0.5997212740514337,0.7004584670066833
280000,train,29,55,0.6384345835245931,0.6689975261688232
280000,train,30,69,0.7475687035719968,0.5427265167236328
280000,train,31,72,0.7458181772792872,0.5694231986999512
280000,train,32,56,0.7769017881249806,0.5016708970069885
280000,train,33,65,0.8013639321809263,0.4883657693862915
280000,train,34,64,0.789043934655541,0.48708176612854004
280000,train,35,67,0.7849682315940256,0.494232177734375
280000,train,36,66,0.7107535673537427,0.61031574010849
280000,train,37,70,0.6851685463696838,0.628402829170227
280000,train,39,58,0.6602776592528774,0.6676279902458191
280000,train,40,58,0.6416677263275575,0.6662871837615967
280000,train,41,65,0.6541247121392529,0.6567901968955994
280000,train,42,61,0.6833474965172764,0.59844970703125
280000,train,43,74,0.700608234290863,0.6233012676239014
280000,train,44,68,0.7251770677185642,0.5634747743606567
280000,train,45,60,0.6957060929499667,0.6210092902183533
280000,train,46,61,0.7032127945035127,0.5822652578353882
280000,train,47,71,0.6919038177952189,0.6355541348457336
280000,train,48,58,0.6641660574076989,0.6538259983062744
280000,train,49,54,0.6247957930282635,0.7037433981895447
280000,train,50,76,0.5711365674933119,0.7304123044013977
280000,train,mean,3000,0.7279837438775462,0.5713681578636169
280000,held_interior,15,974,0.7456683428325779,0.5494266152381897
280000,held_interior,27,1061,0.6300539673421623,0.6808686256408691
280000,held_interior,38,965,0.6483667124939241,0.6621614694595337
280000,held_interior,mean,3000,0.6746963408895548,0.632176399230957
280000,held_high,52,986,0.38833566322065477,0.9025160074234009
280000,held_high,55,1002,0.13177812819218787,1.1388050317764282
280000,held_high,58,1012,0.0373269227260844,1.2203696966171265
280000,held_high,mean,3000,0.18581357137964236,1.0886592864990234
290000,train,1,63,0.8037835638495837,0.5184069871902466
290000,train,2,61,0.8353287259423656,0.40936192870140076
290000,train,3,62,0.8745254531628283,0.39682576060295105
290000,train,4,60,0.7157884232645906,0.612798273563385
290000,train,5,63,0.7556883047299331,0.55028235912323
290000,train,6,65,0.7704261097717708,0.5070157051086426
290000,train,7,55,0.7395822671669183,0.5533298254013062
290000,train,8,62,0.7711466821057235,0.5511122941970825
290000,train,9,63,0.7663119067445144,0.5450223684310913
290000,train,10,56,0.7416031604850372,0.5362221598625183
290000,train,11,70,0.7523552126337156,0.545455276966095
290000,train,12,66,0.7663834254603292,0.534138560295105
290000,train,13,68,0.6987315063322954,0.581984281539917
290000,train,14,69,0.6758463846950242,0.6396686434745789
290000,train,16,74,0.7575706994737634,0.5195115804672241
290000,train,17,73,0.7668800160840122,0.5294151902198792
290000,train,18,60,0.7217905590068324,0.5634828805923462
290000,train,19,69,0.6967862990548646,0.5990028381347656
290000,train,20,58,0.6938998711004744,0.6469874978065491
290000,train,21,75,0.702205748969132,0.5862779021263123
290000,train,22,61,0.708158439195837,0.570972740650177
290000,train,23,57,0.738188939559995,0.5657063722610474
290000,train,24,54,0.7464071549397665,0.5483189225196838
290000,train,25,69,0.7321673090523758,0.5821086764335632
290000,train,26,61,0.7066460738962348,0.6212920546531677
290000,train,28,58,0.6059262154930941,0.6945533752441406
290000,train,29,55,0.6538720853586719,0.654181182384491
290000,train,30,69,0.7527793566569205,0.5426998138427734
290000,train,31,72,0.7665861184374937,0.5450766682624817
290000,train,32,56,0.7921520612979073,0.4849812388420105
290000,train,33,65,0.8045955700767761,0.48518940806388855
290000,train,34,64,0.7825429748039968,0.49527567625045776
290000,train,35,67,0.7727394300475161,0.5077325701713562
290000,train,36,66,0.7066990484604424,0.6148504018783569
290000,train,37,70,0.690392975877764,0.6246111392974854
290000,train,39,58,0.6731415214369992,0.652062714099884
290000,train,40,58,0.6648754529285783,0.6407254934310913
290000,train,41,65,0.6711752949666314,0.640068531036377
290000,train,42,61,0.6900000933028339,0.5907751321792603
290000,train,43,74,0.7162718272700509,0.6050176024436951
290000,train,44,68,0.7342513700156712,0.5516664981842041
290000,train,45,60,0.7008350828150184,0.6135790944099426
290000,train,46,61,0.7140354972864702,0.5702303051948547
290000,train,47,71,0.6981159110617849,0.6284631490707397
290000,train,48,58,0.6835681613411546,0.630435049533844
290000,train,49,54,0.6364415995551985,0.6920814514160156
290000,train,50,76,0.5904144324469327,0.7118306756019592
290000,train,mean,3000,0.7263747727152304,0.5740168690681458
290000,held_interior,15,974,0.7432734474632099,0.5539305210113525
290000,held_interior,27,1061,0.6329677196084993,0.679775595664978
290000,held_interior,38,965,0.6604635255820376,0.6495950818061829
290000,held_interior,mean,3000,0.6789015642179156,0.6292098164558411
290000,held_high,52,986,0.41099816920373483,0.8886748552322388
290000,held_high,55,1002,0.1479370927875336,1.1401389837265015
290000,held_high,58,1012,0.04789546787802111,1.2282730340957642
290000,held_high,mean,3000,0.20227690995642986,1.0872217416763306
300000,train,1,63,0.8160994374964582,0.4942387342453003
300000,train,2,61,0.8272072423476773,0.41575828194618225
300000,train,3,62,0.8869655735971586,0.37912848591804504
300000,train,4,60,0.7188958333374744,0.6070754528045654
300000,train,5,63,0.7594831773081835,0.5458006858825684
300000,train,6,65,0.768637498506388,0.5101502537727356
300000,train,7,55,0.7493678093409825,0.5406713485717773
300000,train,8,62,0.7727358112335244,0.5496005415916443
300000,train,9,63,0.7675697811028017,0.5432946085929871
300000,train,10,56,0.7477613335847295,0.5317273736000061
300000,train,11,70,0.7655339751462357,0.5299094319343567
300000,train,12,66,0.7743824508166488,0.5235311388969421
300000,train,13,68,0.7210867212163831,0.5566580295562744
300000,train,14,69,0.6807740284560369,0.633960485458374
300000,train,16,74,0.7603372737619876,0.5171300768852234
300000,train,17,73,0.7806416310221473,0.510843813419342
300000,train,18,60,0.7417222377525671,0.5403508543968201
300000,train,19,69,0.7156513105834595,0.578262448310852
300000,train,20,58,0.7085508933920438,0.628736138343811
300000,train,21,75,0.7103514212336206,0.5759879946708679
300000,train,22,61,0.725137246089903,0.5531815886497498
300000,train,23,57,0.7462507151253399,0.5569985508918762
300000,train,24,54,0.7545881743385868,0.538313627243042
300000,train,25,69,0.7413636970990322,0.5723217725753784
300000,train,26,61,0.7221132488229537,0.5997135043144226
300000,train,28,58,0.6193909237654299,0.6827729940414429
300000,train,29,55,0.6463255377894777,0.6624174118041992
300000,train,30,69,0.7492806707863117,0.5435572862625122
300000,train,31,72,0.7467677987617916,0.5718015432357788
300000,train,32,56,0.7692525647082947,0.5152073502540588
300000,train,33,65,0.8017656462508221,0.48727408051490784
300000,train,34,64,0.7840197311325683,0.4927356243133545
300000,train,35,67,0.7736903703650885,0.5095420479774475
300000,train,36,66,0.6902192729308304,0.6333479881286621
300000,train,37,70,0.6767319300742936,0.6408650875091553
300000,train,39,58,0.6582467800249061,0.6694847345352173
300000,train,40,58,0.6456283734391562,0.6618124842643738
300000,train,41,65,0.6597457005063357,0.6516417860984802
300000,train,42,61,0.6880663138153945,0.5927409529685974
300000,train,43,74,0.7121374897363899,0.6090822815895081
300000,train,44,68,0.7321973726279898,0.5550200343132019
300000,train,45,60,0.698291789997171,0.6160202622413635
300000,train,46,61,0.7099186602322387,0.5734313726425171
300000,train,47,71,0.7048002189485549,0.6190516948699951
300000,train,48,58,0.6875701176900508,0.6258608102798462
300000,train,49,54,0.6518603203545325,0.6736369132995605
300000,train,50,76,0.6010902028898538,0.7009472846984863
300000,train,mean,3000,0.7291533257348896,0.5703891515731812
300000,held_interior,15,974,0.7478468091757049,0.5471495985984802
300000,held_interior,27,1061,0.6506793061279535,0.6596657037734985
300000,held_interior,38,965,0.6416903606695871,0.6700952053070068
300000,held_interior,mean,3000,0.6800721586577486,0.6264902949333191
300000,held_high,52,986,0.41812028638582416,0.8831594586372375
300000,held_high,55,1002,0.15906490284853947,1.1292445659637451
300000,held_high,58,1012,0.0479637844014192,1.2266055345535278
300000,held_high,mean,3000,0.2083829912119276,1.0812076330184937
